従業員番号,氏名,会社コード,部門,部門コード,従業員区分,従業員区分コード,役職,役職コード,役職グループ,勤務体系,勤務体系コード,年月度,日付,曜日,カレンダー休日タイプ,届出,実績,工数,休日区分,勤休区分,勤務パターン,出勤区分,退勤区分,出勤打刻,退勤打刻,始業時刻,終業時刻,実労働時間,休憩時間,休憩時間調整,外出,不就業１区分,不就業１時間帯,不就業１時間,不就業２区分,不就業２時間帯,不就業２時間,所定内労働時間,所定内深夜時間,Flex時差,所定外勤務時間,法定内超勤時間,早出残業時間,普通残業時間,所定外深夜時間,特休勤務時間,公休勤務時間,休日深夜時間,深夜時間調整,調休換算時間,年休換算時間,時間予備１,乖離時間(開始),乖離時間(終了),特殊作業,緊急呼出,泊り,手当４,手当５,金額１区分,金額１,金額２区分,金額２,助勤部門,他時間１時間,他時間２部門,他時間２時間,他時間３部門,他時間３時間,年月日１,年月日２,備考理由,確定シフト,備考１,乖離理由,備考３,代理入力者,実績承認者,ＥＷレベル,ＥＷ,予定勤務パターン,予定始業時刻,予定終業時刻,予定休憩時間,予定休憩開始,予定残業時間,他時間４,他時間５,他時間６,他時間７,他時間８,他時間９,他時間１０,,,,,法定内超勤時間-t,早出残業時間-t,普通残業時間-t,実労働時間-t,所定内深夜時間-t,所定外深夜時間-t,深夜時間計-t,所定外勤務時間-t,休日深夜時間-t,乖離時間(開始)-t,乖離時間(終了)-t,年休換算時間-t,調休換算時間-t,不就業１時間-t,所定内労働時間-t,休憩時間-t,特休勤務時間-t,公休勤務時間-t,,,,,出勤打刻-t,退勤打刻-t,始業時刻-t,終業時刻-t
0000535,1535,10000,3070,307000,P,,,,,,,202511,20251101,土,特休,,■,,休(ア),,-,,,,,,,,,,,,,,,,,,,,,,,,,,,,,,,,,,,,,,,,,,,,,,,,,,,,,,,,,105,,,,0:00,48:00:00,,,,,,,,,,,,,,,0,0,0,0,0,0,0,0,0,0,0,0,0,0,0,0,0,0,,,,,0,0,0,0
0000535,1535,10000,3070,307000,P,,,,,,,202511,20251101,土,特休,,■,,休(ア),,,,,,,,,,,,,,,,,,,,,,,,,,,,,,,,,,,,,,,,,,,,,,,,,,,,,,,,,,,105,,,,,,,,,,,,,,,,,,,,0,0,0,0,0,0,0,0,0,0,0,0,0,0,0,0,0,0,,,,,0,0,0,0
0000535,1535,10000,3070,307000,P,,,,,,,202511,20251102,日,公休,,■,,,,KOGA,,,7:36,12:03,8:00,12:00,04'00,,,,,,,,,,04'00,,,,,,,,,,,,,,,00'24,00'03,2,,,,,,,,,,,,,,,,,１ホーム,,,,,,105,,,,8:00,12:00,,,,,,,,,,,,,,,0,0,0,400,0,0,0,0,0,24,3,0,0,0,400,0,0,0,,,,,736,1203,800,1200
0000535,1535,10000,3070,307000,P,,,,,,,202511,20251102,日,公休,,■,,,,,,,,,,,,,,,,,,,,,,,,,,,,,,,,,,,,,,,,,,,,,,,,,,,,,,,,,,,,,105,,,,,,,,,,,,,,,,,,,,0,0,0,0,0,0,0,0,0,0,0,0,0,0,0,0,0,0,,,,,0,0,0,0
0000535,1535,10000,3070,307000,P,,,,,,,202511,20251103,月,平日,,■,,,,KOGA,,,7:36,12:04,8:00,12:00,04'00,,,,,,,,,,04'00,,,,,,,,,,,,,,,00'24,00'04,,,,,,,,,,,,,,,,,,,,,,,,105,,,,8:00,12:00,,,,,,,,,,,,,,,0,0,0,400,0,0,0,0,0,24,4,0,0,0,400,0,0,0,,,,,736,1204,800,1200
0000535,1535,10000,3070,307000,P,,,,,,,202511,20251103,月,平日,,■,,,,,,,,,,,,,,,,,,,,,,,,,,,,,,,,,,,,,,,,,,,,,,,,,,,,,,,,,,,,,105,,,,,,,,,,,,,,,,,,,,0,0,0,0,0,0,0,0,0,0,0,0,0,0,0,0,0,0,,,,,0,0,0,0
0000535,1535,10000,3070,307000,P,,,,,,,202511,20251104,火,,,■,,公休,,-,,,,,,,,,,,,,,,,,,,,,,,,,,,,,,,,,,,,,,,,,,,,,,,,,,,,,,,,,103,,,,0:00,48:00:00,,,,,,,,,,,,,,,0,0,0,0,0,0,0,0,0,0,0,0,0,0,0,0,0,0,,,,,0,0,0,0
0000535,1535,10000,3070,307000,P,,,,,,,202511,20251104,火,,,■,,公休,,,,,,,,,,,,,,,,,,,,,,,,,,,,,,,,,,,,,,,,,,,,,,,,,,,,,,,,,,,103,,,,,,,,,,,,,,,,,,,,0,0,0,0,0,0,0,0,0,0,0,0,0,0,0,0,0,0,,,,,0,0,0,0
0000535,1535,10000,3070,307000,P,,,,,,,202511,20251105,水,,,■,,休(ア),,-,,,,,,,,,,,,,,,,,,,,,,,,,,,,,,,,,,,,,,,,,,,,,,,,,,,,,,,,,103,,,,0:00,48:00:00,,,,,,,,,,,,,,,0,0,0,0,0,0,0,0,0,0,0,0,0,0,0,0,0,0,,,,,0,0,0,0
0000535,1535,10000,3070,307000,P,,,,,,,202511,20251105,水,,,■,,休(ア),,,,,,,,,,,,,,,,,,,,,,,,,,,,,,,,,,,,,,,,,,,,,,,,,,,,,,,,,,,103,,,,,,,,,,,,,,,,,,,,0,0,0,0,0,0,0,0,0,0,0,0,0,0,0,0,0,0,,,,,0,0,0,0
0000535,1535,10000,3070,307000,P,,,,,,,202511,20251106,木,,,■,,,,KOGA,,,7:39,12:03,8:00,12:00,04'00,,,,,,,,,,04'00,,,,,,,,,,,,,,,00'21,00'03,,,,,,,,,,,,,,,,,,,,,,,,105,,,,8:00,12:00,,,,,,,,,,,,,,,0,0,0,400,0,0,0,0,0,21,3,0,0,0,400,0,0,0,,,,,739,1203,800,1200
0000535,1535,10000,3070,307000,P,,,,,,,202511,20251106,木,,,■,,,,,,,,,,,,,,,,,,,,,,,,,,,,,,,,,,,,,,,,,,,,,,,,,,,,,,,,,,,,,105,,,,,,,,,,,,,,,,,,,,0,0,0,0,0,0,0,0,0,0,0,0,0,0,0,0,0,0,,,,,0,0,0,0
0000535,1535,10000,3070,307000,P,,,,,,,202511,20251107,金,,,■,,休(ア),,-,,,,,,,,,,,,,,,,,,,,,,,,,,,,,,,,,,,,,,,,,,,,,,,,,,,,,,,,,103,,,,0:00,48:00:00,,,,,,,,,,,,,,,0,0,0,0,0,0,0,0,0,0,0,0,0,0,0,0,0,0,,,,,0,0,0,0
0000535,1535,10000,3070,307000,P,,,,,,,202511,20251107,金,,,■,,休(ア),,,,,,,,,,,,,,,,,,,,,,,,,,,,,,,,,,,,,,,,,,,,,,,,,,,,,,,,,,,103,,,,,,,,,,,,,,,,,,,,0,0,0,0,0,0,0,0,0,0,0,0,0,0,0,0,0,0,,,,,0,0,0,0
0000535,1535,10000,3070,307000,P,,,,,,,202511,20251108,土,特休,,■,,,,KOGA,,,7:41,12:03,8:00,12:00,04'00,,,,,,,,,,04'00,,,,,,,,,,,,,,,00'19,00'03,,,,,,,,,,,,,,,,,,,,,,,,103,,,,8:00,12:00,,,,,,,,,,,,,,,0,0,0,400,0,0,0,0,0,19,3,0,0,0,400,0,0,0,,,,,741,1203,800,1200
0000535,1535,10000,3070,307000,P,,,,,,,202511,20251108,土,特休,,■,,,,,,,,,,,,,,,,,,,,,,,,,,,,,,,,,,,,,,,,,,,,,,,,,,,,,,,,,,,,,103,,,,,,,,,,,,,,,,,,,,0,0,0,0,0,0,0,0,0,0,0,0,0,0,0,0,0,0,,,,,0,0,0,0
0000535,1535,10000,3070,307000,P,,,,,,,202511,20251109,日,公休,,■,,,,KOGA,,,7:40,12:05,8:00,12:00,04'00,,,,,,,,,,04'00,,,,,,,,,,,,,,,00'20,00'05,,,,,,,,,,,,,,,,,,,,,,,,101,,,,8:00,12:00,,,,,,,,,,,,,,,0,0,0,400,0,0,0,0,0,20,5,0,0,0,400,0,0,0,,,,,740,1205,800,1200
0000535,1535,10000,3070,307000,P,,,,,,,202511,20251109,日,公休,,■,,,,,,,,,,,,,,,,,,,,,,,,,,,,,,,,,,,,,,,,,,,,,,,,,,,,,,,,,,,,,101,,,,,,,,,,,,,,,,,,,,0,0,0,0,0,0,0,0,0,0,0,0,0,0,0,0,0,0,,,,,0,0,0,0
0000535,1535,10000,3070,307000,P,,,,,,,202511,20251110,月,,,■,,休(ア),,-,,,,,,,,,,,,,,,,,,,,,,,,,,,,,,,,,,,,,,,,,,,,,,,,,,,,,,,,,105,,,,0:00,48:00:00,,,,,,,,,,,,,,,0,0,0,0,0,0,0,0,0,0,0,0,0,0,0,0,0,0,,,,,0,0,0,0
0000535,1535,10000,3070,307000,P,,,,,,,202511,20251110,月,,,■,,休(ア),,,,,,,,,,,,,,,,,,,,,,,,,,,,,,,,,,,,,,,,,,,,,,,,,,,,,,,,,,,105,,,,,,,,,,,,,,,,,,,,0,0,0,0,0,0,0,0,0,0,0,0,0,0,0,0,0,0,,,,,0,0,0,0
0000535,1535,10000,3070,307000,P,,,,,,,202511,20251111,火,,,■,,公休,,-,,,,,,,,,,,,,,,,,,,,,,,,,,,,,,,,,,,,,,,,,,,,,,,,,,,,,,,,,105,,,,0:00,48:00:00,,,,,,,,,,,,,,,0,0,0,0,0,0,0,0,0,0,0,0,0,0,0,0,0,0,,,,,0,0,0,0
0000535,1535,10000,3070,307000,P,,,,,,,202511,20251111,火,,,■,,公休,,,,,,,,,,,,,,,,,,,,,,,,,,,,,,,,,,,,,,,,,,,,,,,,,,,,,,,,,,,105,,,,,,,,,,,,,,,,,,,,0,0,0,0,0,0,0,0,0,0,0,0,0,0,0,0,0,0,,,,,0,0,0,0
0000535,1535,10000,3070,307000,P,,,,,,,202511,20251112,水,,,■,,,,KOGA,,,7:40,12:04,8:00,12:00,04'00,,,,,,,,,,04'00,,,,,,,,,,,,,,,00'20,00'04,2,,,,,,,,,,,,,,,,,2ホーム階段,,,,,,105,,,,8:00,12:00,,,,,,,,,,,,,,,0,0,0,400,0,0,0,0,0,20,4,0,0,0,400,0,0,0,,,,,740,1204,800,1200
0000535,1535,10000,3070,307000,P,,,,,,,202511,20251112,水,,,■,,,,,,,,,,,,,,,,,,,,,,,,,,,,,,,,,,,,,,,,,,,,,,,,,,,,,,,,,,,,,105,,,,,,,,,,,,,,,,,,,,0,0,0,0,0,0,0,0,0,0,0,0,0,0,0,0,0,0,,,,,0,0,0,0
0000535,1535,10000,3070,307000,P,,,,,,,202511,20251113,木,,,■,,,,KOGA,,,7:40,12:07,8:00,12:00,04'00,,,,,,,,,,04'00,,,,,,,,,,,,,,,00'20,00'07,,,,,,,,,,,,,,,,,,,,,,,,105,,,,8:00,12:00,,,,,,,,,,,,,,,0,0,0,400,0,0,0,0,0,20,7,0,0,0,400,0,0,0,,,,,740,1207,800,1200
0000535,1535,10000,3070,307000,P,,,,,,,202511,20251113,木,,,■,,,,,,,,,,,,,,,,,,,,,,,,,,,,,,,,,,,,,,,,,,,,,,,,,,,,,,,,,,,,,105,,,,,,,,,,,,,,,,,,,,0,0,0,0,0,0,0,0,0,0,0,0,0,0,0,0,0,0,,,,,0,0,0,0
0000535,1535,10000,3070,307000,P,,,,,,,202511,20251114,金,,,■,,休(ア),,-,,,,,,,,,,,,,,,,,,,,,,,,,,,,,,,,,,,,,,,,,,,,,,,,,,,,,,,,,105,,,,0:00,48:00:00,,,,,,,,,,,,,,,0,0,0,0,0,0,0,0,0,0,0,0,0,0,0,0,0,0,,,,,0,0,0,0
0000535,1535,10000,3070,307000,P,,,,,,,202511,20251114,金,,,■,,休(ア),,,,,,,,,,,,,,,,,,,,,,,,,,,,,,,,,,,,,,,,,,,,,,,,,,,,,,,,,,,105,,,,,,,,,,,,,,,,,,,,0,0,0,0,0,0,0,0,0,0,0,0,0,0,0,0,0,0,,,,,0,0,0,0
0000535,1535,10000,3070,307000,P,,,,,,,202511,20251115,土,特休,,■,,休(ア),,-,,,,,,,,,,,,,,,,,,,,,,,,,,,,,,,,,,,,,,,,,,,,,,,,,,,,,,,,,105,,,,0:00,48:00:00,,,,,,,,,,,,,,,0,0,0,0,0,0,0,0,0,0,0,0,0,0,0,0,0,0,,,,,0,0,0,0
0000535,1535,10000,3070,307000,P,,,,,,,202511,20251115,土,特休,,■,,休(ア),,,,,,,,,,,,,,,,,,,,,,,,,,,,,,,,,,,,,,,,,,,,,,,,,,,,,,,,,,,105,,,,,,,,,,,,,,,,,,,,0,0,0,0,0,0,0,0,0,0,0,0,0,0,0,0,0,0,,,,,0,0,0,0
0000535,1535,10000,3070,307000,P,,,,,,,202511,20251116,日,公休,,■,,,,KOGA,,,7:40,12:03,8:00,12:00,04'00,,,,,,,,,,04'00,,,,,,,,,,,,,,,00'20,00'03,,,,,,,,,,,,,,,,,,,,,,,,105,,,,8:00,12:00,,,,,,,,,,,,,,,0,0,0,400,0,0,0,0,0,20,3,0,0,0,400,0,0,0,,,,,740,1203,800,1200
0000535,1535,10000,3070,307000,P,,,,,,,202511,20251116,日,公休,,■,,,,,,,,,,,,,,,,,,,,,,,,,,,,,,,,,,,,,,,,,,,,,,,,,,,,,,,,,,,,,105,,,,,,,,,,,,,,,,,,,,0,0,0,0,0,0,0,0,0,0,0,0,0,0,0,0,0,0,,,,,0,0,0,0
0000535,1535,10000,3070,307000,P,,,,,,,202511,20251117,月,,,■,,,,KOGA,,,7:37,12:02,8:00,12:00,04'00,,,,,,,,,,04'00,,,,,,,,,,,,,,,00'23,00'02,2,,,,,,,,,,,,,,,,,男性トイレ,,,,,,105,,,,8:00,12:00,,,,,,,,,,,,,,,0,0,0,400,0,0,0,0,0,23,2,0,0,0,400,0,0,0,,,,,737,1202,800,1200
0000535,1535,10000,3070,307000,P,,,,,,,202511,20251117,月,,,■,,,,,,,,,,,,,,,,,,,,,,,,,,,,,,,,,,,,,,,,,,,,,,,,,,,,,,,,,,,,,105,,,,,,,,,,,,,,,,,,,,0,0,0,0,0,0,0,0,0,0,0,0,0,0,0,0,0,0,,,,,0,0,0,0
0000535,1535,10000,3070,307000,P,,,,,,,202511,20251118,火,,,■,,休(ア),,-,,,,,,,,,,,,,,,,,,,,,,,,,,,,,,,,,,,,,,,,,,,,,,,,,,,,,,,,,101,,,,0:00,48:00:00,,,,,,,,,,,,,,,0,0,0,0,0,0,0,0,0,0,0,0,0,0,0,0,0,0,,,,,0,0,0,0
0000535,1535,10000,3070,307000,P,,,,,,,202511,20251118,火,,,■,,休(ア),,,,,,,,,,,,,,,,,,,,,,,,,,,,,,,,,,,,,,,,,,,,,,,,,,,,,,,,,,,101,,,,,,,,,,,,,,,,,,,,0,0,0,0,0,0,0,0,0,0,0,0,0,0,0,0,0,0,,,,,0,0,0,0
0000535,1535,10000,3070,307000,P,,,,,,,202511,20251119,水,,,■,,公休,,-,,,,,,,,,,,,,,,,,,,,,,,,,,,,,,,,,,,,,,,,,,,,,,,,,,,,,,,,,103,,,,0:00,48:00:00,,,,,,,,,,,,,,,0,0,0,0,0,0,0,0,0,0,0,0,0,0,0,0,0,0,,,,,0,0,0,0
0000535,1535,10000,3070,307000,P,,,,,,,202511,20251119,水,,,■,,公休,,,,,,,,,,,,,,,,,,,,,,,,,,,,,,,,,,,,,,,,,,,,,,,,,,,,,,,,,,,103,,,,,,,,,,,,,,,,,,,,0,0,0,0,0,0,0,0,0,0,0,0,0,0,0,0,0,0,,,,,0,0,0,0
0000535,1535,10000,3070,307000,P,,,,,,,202511,20251120,木,,,■,,,,KOGA,,,7:40,12:05,8:00,12:00,04'00,,,,,,,,,,04'00,,,,,,,,,,,,,,,00'20,00'05,,,,,,,,,,,,,,,,,,,,,,,,105,,,,8:00,12:00,,,,,,,,,,,,,,,0,0,0,400,0,0,0,0,0,20,5,0,0,0,400,0,0,0,,,,,740,1205,800,1200
0000535,1535,10000,3070,307000,P,,,,,,,202511,20251120,木,,,■,,,,,,,,,,,,,,,,,,,,,,,,,,,,,,,,,,,,,,,,,,,,,,,,,,,,,,,,,,,,,105,,,,,,,,,,,,,,,,,,,,0,0,0,0,0,0,0,0,0,0,0,0,0,0,0,0,0,0,,,,,0,0,0,0
0000535,1535,10000,3070,307000,P,,,,,,,202511,20251121,金,,,■,,,,KOGA,,,7:36,12:06,8:00,12:00,04'00,,,,,,,,,,04'00,,,,,,,,,,,,,,,00'24,00'06,,,,,,,,,,,,,,,,,,,,,,,,105,,,,8:00,12:00,,,,,,,,,,,,,,,0,0,0,400,0,0,0,0,0,24,6,0,0,0,400,0,0,0,,,,,736,1206,800,1200
0000535,1535,10000,3070,307000,P,,,,,,,202511,20251121,金,,,■,,,,,,,,,,,,,,,,,,,,,,,,,,,,,,,,,,,,,,,,,,,,,,,,,,,,,,,,,,,,,105,,,,,,,,,,,,,,,,,,,,0,0,0,0,0,0,0,0,0,0,0,0,0,0,0,0,0,0,,,,,0,0,0,0
0000535,1535,10000,3070,307000,P,,,,,,,202511,20251122,土,特休,,■,,休(ア),,-,,,,,,,,,,,,,,,,,,,,,,,,,,,,,,,,,,,,,,,,,,,,,,,,,,,,,,,,,105,,,,0:00,48:00:00,,,,,,,,,,,,,,,0,0,0,0,0,0,0,0,0,0,0,0,0,0,0,0,0,0,,,,,0,0,0,0
0000535,1535,10000,3070,307000,P,,,,,,,202511,20251122,土,特休,,■,,休(ア),,,,,,,,,,,,,,,,,,,,,,,,,,,,,,,,,,,,,,,,,,,,,,,,,,,,,,,,,,,105,,,,,,,,,,,,,,,,,,,,0,0,0,0,0,0,0,0,0,0,0,0,0,0,0,0,0,0,,,,,0,0,0,0
0000535,1535,10000,3070,307000,P,,,,,,,202511,20251123,日,公休,,■,,休(ア),,-,,,,,,,,,,,,,,,,,,,,,,,,,,,,,,,,,,,,,,,,,,,,,,,,,,,,,,,,,105,,,,0:00,48:00:00,,,,,,,,,,,,,,,0,0,0,0,0,0,0,0,0,0,0,0,0,0,0,0,0,0,,,,,0,0,0,0
0000535,1535,10000,3070,307000,P,,,,,,,202511,20251123,日,公休,,■,,休(ア),,,,,,,,,,,,,,,,,,,,,,,,,,,,,,,,,,,,,,,,,,,,,,,,,,,,,,,,,,,105,,,,,,,,,,,,,,,,,,,,0,0,0,0,0,0,0,0,0,0,0,0,0,0,0,0,0,0,,,,,0,0,0,0
0000535,1535,10000,3070,307000,P,,,,,,,202511,20251124,月,平日,,■,,公休,,-,,,,,,,,,,,,,,,,,,,,,,,,,,,,,,,,,,,,,,,,,,,,,,,,,,,,,,,,,103,,,,0:00,48:00:00,,,,,,,,,,,,,,,0,0,0,0,0,0,0,0,0,0,0,0,0,0,0,0,0,0,,,,,0,0,0,0
0000535,1535,10000,3070,307000,P,,,,,,,202511,20251124,月,平日,,■,,公休,,,,,,,,,,,,,,,,,,,,,,,,,,,,,,,,,,,,,,,,,,,,,,,,,,,,,,,,,,,103,,,,,,,,,,,,,,,,,,,,0,0,0,0,0,0,0,0,0,0,0,0,0,0,0,0,0,0,,,,,0,0,0,0
0000535,1535,10000,3070,307000,P,,,,,,,202511,20251125,火,,,■,,,,KOGA,,,7:38,12:01,8:00,12:00,04'00,,,,,,,,,,04'00,,,,,,,,,,,,,,,00'22,00'01,,,,,,,,,,,,,,,,,,,,,,,,103,,,,8:00,12:00,,,,,,,,,,,,,,,0,0,0,400,0,0,0,0,0,22,1,0,0,0,400,0,0,0,,,,,738,1201,800,1200
0000535,1535,10000,3070,307000,P,,,,,,,202511,20251125,火,,,■,,,,,,,,,,,,,,,,,,,,,,,,,,,,,,,,,,,,,,,,,,,,,,,,,,,,,,,,,,,,,103,,,,,,,,,,,,,,,,,,,,0,0,0,0,0,0,0,0,0,0,0,0,0,0,0,0,0,0,,,,,0,0,0,0
0000535,1535,10000,3070,307000,P,,,,,,,202511,20251126,水,,,■,,,,KOGA,,,7:50,12:02,8:00,12:00,04'00,,,,,,,,,,04'00,,,,,,,,,,,,,,,00'10,00'02,,,,,,,,,,,,,,,,,,,,,,,,103,,,,8:00,12:00,,,,,,,,,,,,,,,0,0,0,400,0,0,0,0,0,10,2,0,0,0,400,0,0,0,,,,,750,1202,800,1200
0000535,1535,10000,3070,307000,P,,,,,,,202511,20251126,水,,,■,,,,,,,,,,,,,,,,,,,,,,,,,,,,,,,,,,,,,,,,,,,,,,,,,,,,,,,,,,,,,103,,,,,,,,,,,,,,,,,,,,0,0,0,0,0,0,0,0,0,0,0,0,0,0,0,0,0,0,,,,,0,0,0,0
0000535,1535,10000,3070,307000,P,,,,,,,202511,20251127,木,,,■,,,,KOGA,,,7:41,12:04,8:00,12:00,04'00,,,,,,,,,,04'00,,,,,,,,,,,,,,,00'19,00'04,2,,,,,,,,,,,,,,,,,多目的トイレ,,,,,,105,,,,8:00,12:00,,,,,,,,,,,,,,,0,0,0,400,0,0,0,0,0,19,4,0,0,0,400,0,0,0,,,,,741,1204,800,1200
0000535,1535,10000,3070,307000,P,,,,,,,202511,20251127,木,,,■,,,,,,,,,,,,,,,,,,,,,,,,,,,,,,,,,,,,,,,,,,,,,,,,,,,,,,,,,,,,,105,,,,,,,,,,,,,,,,,,,,0,0,0,0,0,0,0,0,0,0,0,0,0,0,0,0,0,0,,,,,0,0,0,0
0000535,1535,10000,3070,307000,P,,,,,,,202511,20251128,金,,,■,,休(ア),,-,,,,,,,,,,,,,,,,,,,,,,,,,,,,,,,,,,,,,,,,,,,,,,,,,,,,,,,,,105,,,,0:00,48:00:00,,,,,,,,,,,,,,,0,0,0,0,0,0,0,0,0,0,0,0,0,0,0,0,0,0,,,,,0,0,0,0
0000535,1535,10000,3070,307000,P,,,,,,,202511,20251128,金,,,■,,休(ア),,,,,,,,,,,,,,,,,,,,,,,,,,,,,,,,,,,,,,,,,,,,,,,,,,,,,,,,,,,105,,,,,,,,,,,,,,,,,,,,0,0,0,0,0,0,0,0,0,0,0,0,0,0,0,0,0,0,,,,,0,0,0,0
0000535,1535,10000,3070,307000,P,,,,,,,202511,20251129,土,特休,,■,,休(ア),,-,,,,,,,,,,,,,,,,,,,,,,,,,,,,,,,,,,,,,,,,,,,,,,,,,,,,,,,,,105,,,,0:00,48:00:00,,,,,,,,,,,,,,,0,0,0,0,0,0,0,0,0,0,0,0,0,0,0,0,0,0,,,,,0,0,0,0
0000535,1535,10000,3070,307000,P,,,,,,,202511,20251129,土,特休,,■,,休(ア),,,,,,,,,,,,,,,,,,,,,,,,,,,,,,,,,,,,,,,,,,,,,,,,,,,,,,,,,,,105,,,,,,,,,,,,,,,,,,,,0,0,0,0,0,0,0,0,0,0,0,0,0,0,0,0,0,0,,,,,0,0,0,0
0000535,1535,10000,3070,307000,P,,,,,,,202511,20251130,日,公休,,■,,公休,,-,,,,,,,,,,,,,,,,,,,,,,,,,,,,,,,,,,,,,,,,,,,,,,,,,,,,,,,,,105,,,,0:00,48:00:00,,,,,,,,,,,,,,,0,0,0,0,0,0,0,0,0,0,0,0,0,0,0,0,0,0,,,,,0,0,0,0
0000535,1535,10000,3070,307000,P,,,,,,,202511,20251130,日,公休,,■,,公休,,,,,,,,,,,,,,,,,,,,,,,,,,,,,,,,,,,,,,,,,,,,,,,,,,,,,,,,,,,105,,,,,,,,,,,,,,,,,,,,0,0,0,0,0,0,0,0,0,0,0,0,0,0,0,0,0,0,,,,,0,0,0,0
0000535,1535,10000,3070,307000,P,,,,,,,202512,20251201,月,,,■,,,,KOGA,,,7:40,12:05,8:00,12:00,04'00,,,,,,,,,,04'00,,,,,,,,,,,,,,,00'20,00'05,,,,,,,,,,,,,,,,,,,,,,,,101,,,,8:00,12:00,,,,,,,,,,,,,,,0,0,0,400,0,0,0,0,0,20,5,0,0,0,400,0,0,0,,,,,740,1205,800,1200
0000535,1535,10000,3070,307000,P,,,,,,,202512,20251201,月,,,■,,,,,,,,,,,,,,,,,,,,,,,,,,,,,,,,,,,,,,,,,,,,,,,,,,,,,,,,,,,,,101,,,,,,,,,,,,,,,,,,,,0,0,0,0,0,0,0,0,0,0,0,0,0,0,0,0,0,0,,,,,0,0,0,0
0000535,1535,10000,3070,307000,P,,,,,,,202512,20251202,火,,,■,,,,KOGA,,,7:42,12:03,8:00,12:00,04'00,,,,,,,,,,04'00,,,,,,,,,,,,,,,00'18,00'03,,,,,,,,,,,,,,,,,,,,,,,,105,,,,8:00,12:00,,,,,,,,,,,,,,,0,0,0,400,0,0,0,0,0,18,3,0,0,0,400,0,0,0,,,,,742,1203,800,1200
0000535,1535,10000,3070,307000,P,,,,,,,202512,20251202,火,,,■,,,,,,,,,,,,,,,,,,,,,,,,,,,,,,,,,,,,,,,,,,,,,,,,,,,,,,,,,,,,,105,,,,,,,,,,,,,,,,,,,,0,0,0,0,0,0,0,0,0,0,0,0,0,0,0,0,0,0,,,,,0,0,0,0
0000535,1535,10000,3070,307000,P,,,,,,,202512,20251203,水,,,■,,公休,,-,,,,,,,,,,,,,,,,,,,,,,,,,,,,,,,,,,,,,,,,,,,,,,,,,,,,,,,,,105,,,,0:00,48:00:00,,,,,,,,,,,,,,,0,0,0,0,0,0,0,0,0,0,0,0,0,0,0,0,0,0,,,,,0,0,0,0
0000535,1535,10000,3070,307000,P,,,,,,,202512,20251203,水,,,■,,公休,,,,,,,,,,,,,,,,,,,,,,,,,,,,,,,,,,,,,,,,,,,,,,,,,,,,,,,,,,,105,,,,,,,,,,,,,,,,,,,,0,0,0,0,0,0,0,0,0,0,0,0,0,0,0,0,0,0,,,,,0,0,0,0
0000535,1535,10000,3070,307000,P,,,,,,,202512,20251204,木,,,■,,,,KOGA,,,7:41,12:02,8:00,12:20,04'20,,,,,,,,,,04'00,,,00'20,00'20,,,,,,,,,,,00'19,,,,,,,,,,,,,,,,,,,ストレスチエック,,,,,,105,,,,8:00,12:00,,,,,,,,,,,,,,,20,0,0,420,0,0,0,20,0,19,0,0,0,0,400,0,0,0,,,,,741,1202,800,1220
0000535,1535,10000,3070,307000,P,,,,,,,202512,20251204,木,,,■,,,,,,,,,,,,,,,,,,,,,,,,,,,,,,,,,,,,,,,,,,,,,,,,,,,,,,,,,,,,,103,,,,,,,,,,,,,,,,,,,,0,0,0,0,0,0,0,0,0,0,0,0,0,0,0,0,0,0,,,,,0,0,0,0
0000535,1535,10000,3070,307000,P,,,,,,,202512,20251205,金,,,■,,休(ア),,-,,,,,,,,,,,,,,,,,,,,,,,,,,,,,,,,,,,,,,,,,,,,,,,,,,,,,,,,,105,,,,0:00,48:00:00,,,,,,,,,,,,,,,0,0,0,0,0,0,0,0,0,0,0,0,0,0,0,0,0,0,,,,,0,0,0,0
0000535,1535,10000,3070,307000,P,,,,,,,202512,20251205,金,,,■,,休(ア),,,,,,,,,,,,,,,,,,,,,,,,,,,,,,,,,,,,,,,,,,,,,,,,,,,,,,,,,,,105,,,,,,,,,,,,,,,,,,,,0,0,0,0,0,0,0,0,0,0,0,0,0,0,0,0,0,0,,,,,0,0,0,0
0000535,1535,10000,3070,307000,P,,,,,,,202512,20251206,土,特休,,■,,休(ア),,-,,,,,,,,,,,,,,,,,,,,,,,,,,,,,,,,,,,,,,,,,,,,,,,,,,,,,,,,,105,,,,0:00,48:00:00,,,,,,,,,,,,,,,0,0,0,0,0,0,0,0,0,0,0,0,0,0,0,0,0,0,,,,,0,0,0,0
0000535,1535,10000,3070,307000,P,,,,,,,202512,20251206,土,特休,,■,,休(ア),,,,,,,,,,,,,,,,,,,,,,,,,,,,,,,,,,,,,,,,,,,,,,,,,,,,,,,,,,,105,,,,,,,,,,,,,,,,,,,,0,0,0,0,0,0,0,0,0,0,0,0,0,0,0,0,0,0,,,,,0,0,0,0
0000535,1535,10000,3070,307000,P,,,,,,,202512,20251207,日,公休,,■,,,,KOGA,,,7:38,12:03,8:00,12:00,04'00,,,,,,,,,,04'00,,,,,,,,,,,,,,,00'22,00'03,2,,,,,,,,,,,,,,,,,1ホーム,,,,,,105,,,,8:00,12:00,,,,,,,,,,,,,,,0,0,0,400,0,0,0,0,0,22,3,0,0,0,400,0,0,0,,,,,738,1203,800,1200
0000535,1535,10000,3070,307000,P,,,,,,,202512,20251207,日,公休,,■,,,,,,,,,,,,,,,,,,,,,,,,,,,,,,,,,,,,,,,,,,,,,,,,,,,,,,,,,,,,,105,,,,,,,,,,,,,,,,,,,,0,0,0,0,0,0,0,0,0,0,0,0,0,0,0,0,0,0,,,,,0,0,0,0
0000535,1535,10000,3070,307000,P,,,,,,,202512,20251208,月,,,■,,,,KOGA,,,7:40,12:00,8:00,12:00,04'00,,,,,,,,,,04'00,,,,,,,,,,,,,,,00'20,,,,,,,,,,,,,,,,,,,,,,,,,101,,,,8:00,12:00,,,,,,,,,,,,,,,0,0,0,400,0,0,0,0,0,20,0,0,0,0,400,0,0,0,,,,,740,1200,800,1200
0000535,1535,10000,3070,307000,P,,,,,,,202512,20251208,月,,,■,,,,,,,,,,,,,,,,,,,,,,,,,,,,,,,,,,,,,,,,,,,,,,,,,,,,,,,,,,,,,101,,,,,,,,,,,,,,,,,,,,0,0,0,0,0,0,0,0,0,0,0,0,0,0,0,0,0,0,,,,,0,0,0,0
0000535,1535,10000,3070,307000,P,,,,,,,202512,20251209,火,,,■,,休(ア),,-,,,,,,,,,,,,,,,,,,,,,,,,,,,,,,,,,,,,,,,,,,,,,,,,,,,,,,,,,105,,,,0:00,48:00:00,,,,,,,,,,,,,,,0,0,0,0,0,0,0,0,0,0,0,0,0,0,0,0,0,0,,,,,0,0,0,0
0000535,1535,10000,3070,307000,P,,,,,,,202512,20251209,火,,,■,,休(ア),,,,,,,,,,,,,,,,,,,,,,,,,,,,,,,,,,,,,,,,,,,,,,,,,,,,,,,,,,,105,,,,,,,,,,,,,,,,,,,,0,0,0,0,0,0,0,0,0,0,0,0,0,0,0,0,0,0,,,,,0,0,0,0
0000535,1535,10000,3070,307000,P,,,,,,,202512,20251210,水,,,■,,休(ア),,-,,,,,,,,,,,,,,,,,,,,,,,,,,,,,,,,,,,,,,,,,,,,,,,,,,,,,,,,,105,,,,0:00,48:00:00,,,,,,,,,,,,,,,0,0,0,0,0,0,0,0,0,0,0,0,0,0,0,0,0,0,,,,,0,0,0,0
0000535,1535,10000,3070,307000,P,,,,,,,202512,20251210,水,,,■,,休(ア),,,,,,,,,,,,,,,,,,,,,,,,,,,,,,,,,,,,,,,,,,,,,,,,,,,,,,,,,,,105,,,,,,,,,,,,,,,,,,,,0,0,0,0,0,0,0,0,0,0,0,0,0,0,0,0,0,0,,,,,0,0,0,0
0000535,1535,10000,3070,307000,P,,,,,,,202512,20251211,木,,,■,,公休,,-,,,,,,,,,,,,,,,,,,,,,,,,,,,,,,,,,,,,,,,,,,,,,,,,,,,,,,,,,105,,,,0:00,48:00:00,,,,,,,,,,,,,,,0,0,0,0,0,0,0,0,0,0,0,0,0,0,0,0,0,0,,,,,0,0,0,0
0000535,1535,10000,3070,307000,P,,,,,,,202512,20251211,木,,,■,,公休,,,,,,,,,,,,,,,,,,,,,,,,,,,,,,,,,,,,,,,,,,,,,,,,,,,,,,,,,,,105,,,,,,,,,,,,,,,,,,,,0,0,0,0,0,0,0,0,0,0,0,0,0,0,0,0,0,0,,,,,0,0,0,0
0000535,1535,10000,3070,307000,P,,,,,,,202512,20251212,金,,,■,,,,KOGA,,,7:38,12:00,8:00,12:00,04'00,,,,,,,,,,04'00,,,,,,,,,,,,,,,00'22,,,,,,,,,,,,,,,,,,,,,,,,,105,,,,8:00,12:00,,,,,,,,,,,,,,,0,0,0,400,0,0,0,0,0,22,0,0,0,0,400,0,0,0,,,,,738,1200,800,1200
0000535,1535,10000,3070,307000,P,,,,,,,202512,20251212,金,,,■,,,,,,,,,,,,,,,,,,,,,,,,,,,,,,,,,,,,,,,,,,,,,,,,,,,,,,,,,,,,,105,,,,,,,,,,,,,,,,,,,,0,0,0,0,0,0,0,0,0,0,0,0,0,0,0,0,0,0,,,,,0,0,0,0
0000535,1535,10000,3070,307000,P,,,,,,,202512,20251213,土,特休,,■,,休(ア),,-,,,,,,,,,,,,,,,,,,,,,,,,,,,,,,,,,,,,,,,,,,,,,,,,,,,,,,,,,105,,,,0:00,48:00:00,,,,,,,,,,,,,,,0,0,0,0,0,0,0,0,0,0,0,0,0,0,0,0,0,0,,,,,0,0,0,0
0000535,1535,10000,3070,307000,P,,,,,,,202512,20251213,土,特休,,■,,休(ア),,,,,,,,,,,,,,,,,,,,,,,,,,,,,,,,,,,,,,,,,,,,,,,,,,,,,,,,,,,105,,,,,,,,,,,,,,,,,,,,0,0,0,0,0,0,0,0,0,0,0,0,0,0,0,0,0,0,,,,,0,0,0,0
0000535,1535,10000,3070,307000,P,,,,,,,202512,20251214,日,公休,,■,,休(ア),,-,,,,,,,,,,,,,,,,,,,,,,,,,,,,,,,,,,,,,,,,,,,,,,,,,,,,,,,,,105,,,,0:00,48:00:00,,,,,,,,,,,,,,,0,0,0,0,0,0,0,0,0,0,0,0,0,0,0,0,0,0,,,,,0,0,0,0
0000535,1535,10000,3070,307000,P,,,,,,,202512,20251214,日,公休,,■,,休(ア),,,,,,,,,,,,,,,,,,,,,,,,,,,,,,,,,,,,,,,,,,,,,,,,,,,,,,,,,,,105,,,,,,,,,,,,,,,,,,,,0,0,0,0,0,0,0,0,0,0,0,0,0,0,0,0,0,0,,,,,0,0,0,0
0000535,1535,10000,3070,307000,P,,,,,,,202512,20251215,月,,,■,,,,KOGA,,,7:40,12:00,8:00,12:00,04'00,,,,,,,,,,04'00,,,,,,,,,,,,,,,00'20,,,,,,,,,,,,,,,,,,,,,,,,,105,,,,8:00,12:00,,,,,,,,,,,,,,,0,0,0,400,0,0,0,0,0,20,0,0,0,0,400,0,0,0,,,,,740,1200,800,1200
0000535,1535,10000,3070,307000,P,,,,,,,202512,20251215,月,,,■,,,,,,,,,,,,,,,,,,,,,,,,,,,,,,,,,,,,,,,,,,,,,,,,,,,,,,,,,,,,,105,,,,,,,,,,,,,,,,,,,,0,0,0,0,0,0,0,0,0,0,0,0,0,0,0,0,0,0,,,,,0,0,0,0
0000535,1535,10000,3070,307000,P,,,,,,,202512,20251216,火,,,■,,休(ア),,-,,,,,,,,,,,,,,,,,,,,,,,,,,,,,,,,,,,,,,,,,,,,,,,,,,,,,,,,,103,,,,0:00,48:00:00,,,,,,,,,,,,,,,0,0,0,0,0,0,0,0,0,0,0,0,0,0,0,0,0,0,,,,,0,0,0,0
0000535,1535,10000,3070,307000,P,,,,,,,202512,20251216,火,,,■,,休(ア),,,,,,,,,,,,,,,,,,,,,,,,,,,,,,,,,,,,,,,,,,,,,,,,,,,,,,,,,,,103,,,,,,,,,,,,,,,,,,,,0,0,0,0,0,0,0,0,0,0,0,0,0,0,0,0,0,0,,,,,0,0,0,0
0000535,1535,10000,3070,307000,P,,,,,,,202512,20251217,水,,,■,,休(ア),,-,,,,,,,,,,,,,,,,,,,,,,,,,,,,,,,,,,,,,,,,,,,,,,,,,,,,,,,,,105,,,,0:00,48:00:00,,,,,,,,,,,,,,,0,0,0,0,0,0,0,0,0,0,0,0,0,0,0,0,0,0,,,,,0,0,0,0
0000535,1535,10000,3070,307000,P,,,,,,,202512,20251217,水,,,■,,休(ア),,,,,,,,,,,,,,,,,,,,,,,,,,,,,,,,,,,,,,,,,,,,,,,,,,,,,,,,,,,105,,,,,,,,,,,,,,,,,,,,0,0,0,0,0,0,0,0,0,0,0,0,0,0,0,0,0,0,,,,,0,0,0,0
0000535,1535,10000,3070,307000,P,,,,,,,202512,20251218,木,,,■,,,,KOGA,,,7:39,12:00,8:00,12:00,04'00,,,,,,,,,,04'00,,,,,,,,,,,,,,,00'21,,2,,,,,,,,,,,,,,,,,男女トイレ,,,,,,105,,,,8:00,12:00,,,,,,,,,,,,,,,0,0,0,400,0,0,0,0,0,21,0,0,0,0,400,0,0,0,,,,,739,1200,800,1200
0000535,1535,10000,3070,307000,P,,,,,,,202512,20251218,木,,,■,,,,,,,,,,,,,,,,,,,,,,,,,,,,,,,,,,,,,,,,,,,,,,,,,,,,,,,,,,,,,105,,,,,,,,,,,,,,,,,,,,0,0,0,0,0,0,0,0,0,0,0,0,0,0,0,0,0,0,,,,,0,0,0,0
0000535,1535,10000,3070,307000,P,,,,,,,202512,20251219,金,,,■,,,,KOGA,,,7:41,12:00,8:00,12:00,04'00,,,,,,,,,,04'00,,,,,,,,,,,,,,,00'19,,,,,,,,,,,,,,,,,,,,,,,,,103,,,,8:00,12:00,,,,,,,,,,,,,,,0,0,0,400,0,0,0,0,0,19,0,0,0,0,400,0,0,0,,,,,741,1200,800,1200
0000535,1535,10000,3070,307000,P,,,,,,,202512,20251219,金,,,■,,,,,,,,,,,,,,,,,,,,,,,,,,,,,,,,,,,,,,,,,,,,,,,,,,,,,,,,,,,,,103,,,,,,,,,,,,,,,,,,,,0,0,0,0,0,0,0,0,0,0,0,0,0,0,0,0,0,0,,,,,0,0,0,0
0000535,1535,10000,3070,307000,P,,,,,,,202512,20251220,土,特休,,■,,休(ア),,-,,,,,,,,,,,,,,,,,,,,,,,,,,,,,,,,,,,,,,,,,,,,,,,,,,,,,,,,,103,,,,0:00,48:00:00,,,,,,,,,,,,,,,0,0,0,0,0,0,0,0,0,0,0,0,0,0,0,0,0,0,,,,,0,0,0,0
0000535,1535,10000,3070,307000,P,,,,,,,202512,20251220,土,特休,,■,,休(ア),,,,,,,,,,,,,,,,,,,,,,,,,,,,,,,,,,,,,,,,,,,,,,,,,,,,,,,,,,,103,,,,,,,,,,,,,,,,,,,,0,0,0,0,0,0,0,0,0,0,0,0,0,0,0,0,0,0,,,,,0,0,0,0
0000535,1535,10000,3070,307000,P,,,,,,,202512,20251221,日,公休,,■,,公休,,-,,,,,,,,,,,,,,,,,,,,,,,,,,,,,,,,,,,,,,,,,,,,,,,,,,,,,,,,,105,,,,0:00,48:00:00,,,,,,,,,,,,,,,0,0,0,0,0,0,0,0,0,0,0,0,0,0,0,0,0,0,,,,,0,0,0,0
0000535,1535,10000,3070,307000,P,,,,,,,202512,20251221,日,公休,,■,,公休,,,,,,,,,,,,,,,,,,,,,,,,,,,,,,,,,,,,,,,,,,,,,,,,,,,,,,,,,,,105,,,,,,,,,,,,,,,,,,,,0,0,0,0,0,0,0,0,0,0,0,0,0,0,0,0,0,0,,,,,0,0,0,0
0000535,1535,10000,3070,307000,P,,,,,,,202512,20251222,月,,,■,,,,KOGA,,,7:41,12:00,8:00,12:00,04'00,,,,,,,,,,04'00,,,,,,,,,,,,,,,00'19,,2,,,,,,,,,,,,,,,,,1ホーム,,,,,,105,,,,8:00,12:00,,,,,,,,,,,,,,,0,0,0,400,0,0,0,0,0,19,0,0,0,0,400,0,0,0,,,,,741,1200,800,1200
0000535,1535,10000,3070,307000,P,,,,,,,202512,20251222,月,,,■,,,,,,,,,,,,,,,,,,,,,,,,,,,,,,,,,,,,,,,,,,,,,,,,,,,,,,,,,,,,,105,,,,,,,,,,,,,,,,,,,,0,0,0,0,0,0,0,0,0,0,0,0,0,0,0,0,0,0,,,,,0,0,0,0
0000535,1535,10000,3070,307000,P,,,,,,,202512,20251223,火,,,■,,休(ア),,-,,,,,,,,,,,,,,,,,,,,,,,,,,,,,,,,,,,,,,,,,,,,,,,,,,,,,,,,,105,,,,0:00,48:00:00,,,,,,,,,,,,,,,0,0,0,0,0,0,0,0,0,0,0,0,0,0,0,0,0,0,,,,,0,0,0,0
0000535,1535,10000,3070,307000,P,,,,,,,202512,20251223,火,,,■,,休(ア),,,,,,,,,,,,,,,,,,,,,,,,,,,,,,,,,,,,,,,,,,,,,,,,,,,,,,,,,,,105,,,,,,,,,,,,,,,,,,,,0,0,0,0,0,0,0,0,0,0,0,0,0,0,0,0,0,0,,,,,0,0,0,0
0000535,1535,10000,3070,307000,P,,,,,,,202512,20251224,水,,,■,,休(ア),,-,,,,,,,,,,,,,,,,,,,,,,,,,,,,,,,,,,,,,,,,,,,,,,,,,,,,,,,,,105,,,,0:00,48:00:00,,,,,,,,,,,,,,,0,0,0,0,0,0,0,0,0,0,0,0,0,0,0,0,0,0,,,,,0,0,0,0
0000535,1535,10000,3070,307000,P,,,,,,,202512,20251224,水,,,■,,休(ア),,,,,,,,,,,,,,,,,,,,,,,,,,,,,,,,,,,,,,,,,,,,,,,,,,,,,,,,,,,105,,,,,,,,,,,,,,,,,,,,0,0,0,0,0,0,0,0,0,0,0,0,0,0,0,0,0,0,,,,,0,0,0,0
0000535,1535,10000,3070,307000,P,,,,,,,202512,20251225,木,,,■,,,,KOGA,,,7:40,12:00,8:00,12:00,04'00,,,,,,,,,,04'00,,,,,,,,,,,,,,,00'20,,,,,,,,,,,,,,,,,,,,,,,,,105,,,,8:00,12:00,,,,,,,,,,,,,,,0,0,0,400,0,0,0,0,0,20,0,0,0,0,400,0,0,0,,,,,740,1200,800,1200
0000535,1535,10000,3070,307000,P,,,,,,,202512,20251225,木,,,■,,,,,,,,,,,,,,,,,,,,,,,,,,,,,,,,,,,,,,,,,,,,,,,,,,,,,,,,,,,,,105,,,,,,,,,,,,,,,,,,,,0,0,0,0,0,0,0,0,0,0,0,0,0,0,0,0,0,0,,,,,0,0,0,0
0000535,1535,10000,3070,307000,P,,,,,,,202512,20251226,金,,,■,,,,KOGA,,,7:41,12:01,8:00,12:00,04'00,,,,,,,,,,04'00,,,,,,,,,,,,,,,00'19,00'01,,,,,,,,,,,,,,,,,,,,,,,,105,,,,8:00,12:00,,,,,,,,,,,,,,,0,0,0,400,0,0,0,0,0,19,1,0,0,0,400,0,0,0,,,,,741,1201,800,1200
0000535,1535,10000,3070,307000,P,,,,,,,202512,20251226,金,,,■,,,,,,,,,,,,,,,,,,,,,,,,,,,,,,,,,,,,,,,,,,,,,,,,,,,,,,,,,,,,,105,,,,,,,,,,,,,,,,,,,,0,0,0,0,0,0,0,0,0,0,0,0,0,0,0,0,0,0,,,,,0,0,0,0
0000535,1535,10000,3070,307000,P,,,,,,,202512,20251227,土,特休,,■,,休(ア),,-,,,,,,,,,,,,,,,,,,,,,,,,,,,,,,,,,,,,,,,,,,,,,,,,,,,,,,,,,103,,,,0:00,48:00:00,,,,,,,,,,,,,,,0,0,0,0,0,0,0,0,0,0,0,0,0,0,0,0,0,0,,,,,0,0,0,0
0000535,1535,10000,3070,307000,P,,,,,,,202512,20251227,土,特休,,■,,休(ア),,,,,,,,,,,,,,,,,,,,,,,,,,,,,,,,,,,,,,,,,,,,,,,,,,,,,,,,,,,103,,,,,,,,,,,,,,,,,,,,0,0,0,0,0,0,0,0,0,0,0,0,0,0,0,0,0,0,,,,,0,0,0,0
0000535,1535,10000,3070,307000,P,,,,,,,202512,20251228,日,公休,,■,,公休,,-,,,,,,,,,,,,,,,,,,,,,,,,,,,,,,,,,,,,,,,,,,,,,,,,,,,,,,,,,105,,,,0:00,48:00:00,,,,,,,,,,,,,,,0,0,0,0,0,0,0,0,0,0,0,0,0,0,0,0,0,0,,,,,0,0,0,0
0000535,1535,10000,3070,307000,P,,,,,,,202512,20251228,日,公休,,■,,公休,,,,,,,,,,,,,,,,,,,,,,,,,,,,,,,,,,,,,,,,,,,,,,,,,,,,,,,,,,,105,,,,,,,,,,,,,,,,,,,,0,0,0,0,0,0,0,0,0,0,0,0,0,0,0,0,0,0,,,,,0,0,0,0
0000535,1535,10000,3070,307000,P,,,,,,,202512,20251229,月,,●,■,,,年休,KOGA,,,,,,,,,,,,,,,,,,,,,,,,,,,,,,04'00,,,,,,,,,,,,,,,,,,,,,私用,,,,,,105,,,,8:00,12:00,,,,,,,,,,,,,,,0,0,0,0,0,0,0,0,0,0,0,400,0,0,0,0,0,0,,,,,0,0,0,0
0000535,1535,10000,3070,307000,P,,,,,,,202512,20251229,月,,,■,,,,,,,,,,,,,,,,,,,,,,,,,,,,,,,,,,,,,,,,,,,,,,,,,,,,,,,,,,,,,105,,,,,,,,,,,,,,,,,,,,0,0,0,0,0,0,0,0,0,0,0,0,0,0,0,0,0,0,,,,,0,0,0,0
0000535,1535,10000,3070,307000,P,,,,,,,202512,20251230,火,,,■,,,,KOGA,,,7:40,12:05,8:00,12:00,04'00,,,,,,,,,,04'00,,,,,,,,,,,,,,,00'20,00'05,,,,,,,,,,,,,,,,,,,,,,,,105,,,,8:00,12:00,,,,,,,,,,,,,,,0,0,0,400,0,0,0,0,0,20,5,0,0,0,400,0,0,0,,,,,740,1205,800,1200
0000535,1535,10000,3070,307000,P,,,,,,,202512,20251230,火,,,■,,,,,,,,,,,,,,,,,,,,,,,,,,,,,,,,,,,,,,,,,,,,,,,,,,,,,,,,,,,,,105,,,,,,,,,,,,,,,,,,,,0,0,0,0,0,0,0,0,0,0,0,0,0,0,0,0,0,0,,,,,0,0,0,0
0000535,1535,10000,3070,307000,P,,,,,,,202512,20251231,水,平日,,■,,,,KOGA,,,7:41,12:00,8:00,12:00,04'00,,,,,,,,,,04'00,,,,,,,,,,,,,,,00'19,,,,,,,,,,,,,,,,,,,,,,,,,103,,,,8:00,12:00,,,,,,,,,,,,,,,0,0,0,400,0,0,0,0,0,19,0,0,0,0,400,0,0,0,,,,,741,1200,800,1200
0000535,1535,10000,3070,307000,P,,,,,,,202512,20251231,水,平日,,■,,,,,,,,,,,,,,,,,,,,,,,,,,,,,,,,,,,,,,,,,,,,,,,,,,,,,,,,,,,,,103,,,,,,,,,,,,,,,,,,,,0,0,0,0,0,0,0,0,0,0,0,0,0,0,0,0,0,0,,,,,0,0,0,0
0001875,2875,10000,5750,575000,S,,,,,,,202511,20251101,土,特休,,■,,,,日勤3,,,10:41,19:50,11:00,19:40,07'40,01'00,,,,,,,,,07'40,,,,,,,,,,,,,,,00'19,00'10,,,,,,,,,,,,,,,,,,,日勤3,,,,,102,,,,11:00,19:40,01'00,,,,,,,,,,,,,,0,0,0,740,0,0,0,0,0,19,10,0,0,0,740,100,0,0,,,,,1041,1950,1100,1940
0001875,2875,10000,5750,575000,S,,,,,,,202511,20251101,土,特休,,■,,,,,,,,,,,,,,,,,,,,,,,,,,,,,,,,,,,,,,,,,,,,,,,,,,,,,,,,,,,,,102,,,,,,,,,,,,,,,,,,,,0,0,0,0,0,0,0,0,0,0,0,0,0,0,0,0,0,0,,,,,0,0,0,0
0001875,2875,10000,5750,575000,S,,,,,,,202511,20251102,日,公休,,■,,,,日勤3,,,10:40,19:40,11:00,19:40,07'40,01'00,,,,,,,,,07'40,,,,,,,,,,,,,,,00'20,,,,,,,,,,,,,,,,,,,,日勤3,,,,,102,,,,11:00,19:40,01'00,,,,,,,,,,,,,,0,0,0,740,0,0,0,0,0,20,0,0,0,0,740,100,0,0,,,,,1040,1940,1100,1940
0001875,2875,10000,5750,575000,S,,,,,,,202511,20251102,日,公休,,■,,,,,,,,,,,,,,,,,,,,,,,,,,,,,,,,,,,,,,,,,,,,,,,,,,,,,,,,,,,,,102,,,,,,,,,,,,,,,,,,,,0,0,0,0,0,0,0,0,0,0,0,0,0,0,0,0,0,0,,,,,0,0,0,0
0001875,2875,10000,5750,575000,S,,,,,,,202511,20251103,月,平日,,■,,,,日勤3,,,10:41,19:40,11:00,19:40,07'40,01'00,,,,,,,,,07'40,,,,,,,,,,,,,,,00'19,,,,,,,,,,,,,,,,,,,,日勤3,,,,,102,,,,11:00,19:40,01'00,,,,,,,,,,,,,,0,0,0,740,0,0,0,0,0,19,0,0,0,0,740,100,0,0,,,,,1041,1940,1100,1940
0001875,2875,10000,5750,575000,S,,,,,,,202511,20251103,月,平日,,■,,,,,,,,,,,,,,,,,,,,,,,,,,,,,,,,,,,,,,,,,,,,,,,,,,,,,,,,,,,,,102,,,,,,,,,,,,,,,,,,,,0,0,0,0,0,0,0,0,0,0,0,0,0,0,0,0,0,0,,,,,0,0,0,0
0001875,2875,10000,5750,575000,S,,,,,,,202511,20251104,火,,,■,,公休,,-,,,,,,,,,,,,,,,,,,,,,,,,,,,,,,,,,,,,,,,,,,,,,,,,,,,,,,,,,102,,,,0:00,48:00:00,,,,,,,,,,,,,,,0,0,0,0,0,0,0,0,0,0,0,0,0,0,0,0,0,0,,,,,0,0,0,0
0001875,2875,10000,5750,575000,S,,,,,,,202511,20251104,火,,,■,,公休,,,,,,,,,,,,,,,,,,,,,,,,,,,,,,,,,,,,,,,,,,,,,,,,,,,,,,,,,,,102,,,,,,,,,,,,,,,,,,,,0,0,0,0,0,0,0,0,0,0,0,0,0,0,0,0,0,0,,,,,0,0,0,0
0001875,2875,10000,5750,575000,S,,,,,,,202511,20251105,水,,,■,,,,日勤3,,,10:40,19:40,11:00,19:40,07'40,01'00,,,,,,,,,07'40,,,,,,,,,,,,,,,00'20,,,,,,,,,,,,,,,,,,,,日勤3,,,,,102,,,,11:00,19:40,01'00,,,,,,,,,,,,,,0,0,0,740,0,0,0,0,0,20,0,0,0,0,740,100,0,0,,,,,1040,1940,1100,1940
0001875,2875,10000,5750,575000,S,,,,,,,202511,20251105,水,,,■,,,,,,,,,,,,,,,,,,,,,,,,,,,,,,,,,,,,,,,,,,,,,,,,,,,,,,,,,,,,,102,,,,,,,,,,,,,,,,,,,,0,0,0,0,0,0,0,0,0,0,0,0,0,0,0,0,0,0,,,,,0,0,0,0
0001875,2875,10000,5750,575000,S,,,,,,,202511,20251106,木,,,■,,,,日勤3,,,10:43,19:40,11:00,19:40,07'40,01'00,,,,,,,,,07'40,,,,,,,,,,,,,,,00'17,,,,,,,,,,,,,,,,,,,,日勤3,,,,,102,,,,11:00,19:40,01'00,,,,,,,,,,,,,,0,0,0,740,0,0,0,0,0,17,0,0,0,0,740,100,0,0,,,,,1043,1940,1100,1940
0001875,2875,10000,5750,575000,S,,,,,,,202511,20251106,木,,,■,,,,,,,,,,,,,,,,,,,,,,,,,,,,,,,,,,,,,,,,,,,,,,,,,,,,,,,,,,,,,102,,,,,,,,,,,,,,,,,,,,0,0,0,0,0,0,0,0,0,0,0,0,0,0,0,0,0,0,,,,,0,0,0,0
0001875,2875,10000,5750,575000,S,,,,,,,202511,20251107,金,,,■,,,,日勤3,,,10:40,19:41,11:00,19:40,07'40,01'00,,,,,,,,,07'40,,,,,,,,,,,,,,,00'20,00'01,,,,,,,,,,,,,,,,,,,日勤3,,,,,102,,,,11:00,19:40,01'00,,,,,,,,,,,,,,0,0,0,740,0,0,0,0,0,20,1,0,0,0,740,100,0,0,,,,,1040,1941,1100,1940
0001875,2875,10000,5750,575000,S,,,,,,,202511,20251107,金,,,■,,,,,,,,,,,,,,,,,,,,,,,,,,,,,,,,,,,,,,,,,,,,,,,,,,,,,,,,,,,,,102,,,,,,,,,,,,,,,,,,,,0,0,0,0,0,0,0,0,0,0,0,0,0,0,0,0,0,0,,,,,0,0,0,0
0001875,2875,10000,5750,575000,S,,,,,,,202511,20251108,土,特休,,■,,特休,,-,,,,,,,,,,,,,,,,,,,,,,,,,,,,,,,,,,,,,,,,,,,,,,,,,,,,,,,,,102,,,,0:00,48:00:00,,,,,,,,,,,,,,,0,0,0,0,0,0,0,0,0,0,0,0,0,0,0,0,0,0,,,,,0,0,0,0
0001875,2875,10000,5750,575000,S,,,,,,,202511,20251108,土,特休,,■,,特休,,,,,,,,,,,,,,,,,,,,,,,,,,,,,,,,,,,,,,,,,,,,,,,,,,,,,,,,,,,102,,,,,,,,,,,,,,,,,,,,0,0,0,0,0,0,0,0,0,0,0,0,0,0,0,0,0,0,,,,,0,0,0,0
0001875,2875,10000,5750,575000,S,,,,,,,202511,20251109,日,公休,,■,,,,日勤3,,,10:40,19:40,11:00,19:40,07'40,01'00,,,,,,,,,07'40,,,,,,,,,,,,,,,00'20,,,,,,,,,,,,,,,,,,,,日勤3,,,,,102,,,,11:00,19:40,01'00,,,,,,,,,,,,,,0,0,0,740,0,0,0,0,0,20,0,0,0,0,740,100,0,0,,,,,1040,1940,1100,1940
0001875,2875,10000,5750,575000,S,,,,,,,202511,20251109,日,公休,,■,,,,,,,,,,,,,,,,,,,,,,,,,,,,,,,,,,,,,,,,,,,,,,,,,,,,,,,,,,,,,102,,,,,,,,,,,,,,,,,,,,0,0,0,0,0,0,0,0,0,0,0,0,0,0,0,0,0,0,,,,,0,0,0,0
0001875,2875,10000,5750,575000,S,,,,,,,202511,20251110,月,,,■,,,,日勤3,,,10:40,19:40,11:00,19:40,07'40,01'00,,,,,,,,,07'40,,,,,,,,,,,,,,,00'20,,,,,,,,,,,,,,,,,,,,日勤3,,,,,102,,,,11:00,19:40,01'00,,,,,,,,,,,,,,0,0,0,740,0,0,0,0,0,20,0,0,0,0,740,100,0,0,,,,,1040,1940,1100,1940
0001875,2875,10000,5750,575000,S,,,,,,,202511,20251110,月,,,■,,,,,,,,,,,,,,,,,,,,,,,,,,,,,,,,,,,,,,,,,,,,,,,,,,,,,,,,,,,,,102,,,,,,,,,,,,,,,,,,,,0,0,0,0,0,0,0,0,0,0,0,0,0,0,0,0,0,0,,,,,0,0,0,0
0001875,2875,10000,5750,575000,S,,,,,,,202511,20251111,火,,,■,,,,日勤3,,,10:41,19:40,11:00,19:40,07'40,01'00,,,,,,,,,07'40,,,,,,,,,,,,,,,00'19,,,,,,,,,,,,,,,,,,,,日勤3,,,,,102,,,,11:00,19:40,01'00,,,,,,,,,,,,,,0,0,0,740,0,0,0,0,0,19,0,0,0,0,740,100,0,0,,,,,1041,1940,1100,1940
0001875,2875,10000,5750,575000,S,,,,,,,202511,20251111,火,,,■,,,,,,,,,,,,,,,,,,,,,,,,,,,,,,,,,,,,,,,,,,,,,,,,,,,,,,,,,,,,,102,,,,,,,,,,,,,,,,,,,,0,0,0,0,0,0,0,0,0,0,0,0,0,0,0,0,0,0,,,,,0,0,0,0
0001875,2875,10000,5750,575000,S,,,,,,,202511,20251112,水,,,■,,公休,,-,,,,,,,,,,,,,,,,,,,,,,,,,,,,,,,,,,,,,,,,,,,,,,,,,,,,,,,,,102,,,,0:00,48:00:00,,,,,,,,,,,,,,,0,0,0,0,0,0,0,0,0,0,0,0,0,0,0,0,0,0,,,,,0,0,0,0
0001875,2875,10000,5750,575000,S,,,,,,,202511,20251112,水,,,■,,公休,,,,,,,,,,,,,,,,,,,,,,,,,,,,,,,,,,,,,,,,,,,,,,,,,,,,,,,,,,,102,,,,,,,,,,,,,,,,,,,,0,0,0,0,0,0,0,0,0,0,0,0,0,0,0,0,0,0,,,,,0,0,0,0
0001875,2875,10000,5750,575000,S,,,,,,,202511,20251113,木,,,■,,,,日勤3,,,10:42,19:40,11:00,19:40,07'40,01'00,,,,,,,,,07'40,,,,,,,,,,,,,,,00'18,,,,,,,,,,,,,,,,,,,,日勤3,,,,,102,,,,11:00,19:40,01'00,,,,,,,,,,,,,,0,0,0,740,0,0,0,0,0,18,0,0,0,0,740,100,0,0,,,,,1042,1940,1100,1940
0001875,2875,10000,5750,575000,S,,,,,,,202511,20251113,木,,,■,,,,,,,,,,,,,,,,,,,,,,,,,,,,,,,,,,,,,,,,,,,,,,,,,,,,,,,,,,,,,102,,,,,,,,,,,,,,,,,,,,0,0,0,0,0,0,0,0,0,0,0,0,0,0,0,0,0,0,,,,,0,0,0,0
0001875,2875,10000,5750,575000,S,,,,,,,202511,20251114,金,,,■,,,,日勤3,,,10:40,19:40,11:00,19:40,07'40,01'00,,,,,,,,,07'40,,,,,,,,,,,,,,,00'20,,,,,,,,,,,,,,,,,,,,日勤3,,,,,102,,,,11:00,19:40,01'00,,,,,,,,,,,,,,0,0,0,740,0,0,0,0,0,20,0,0,0,0,740,100,0,0,,,,,1040,1940,1100,1940
0001875,2875,10000,5750,575000,S,,,,,,,202511,20251114,金,,,■,,,,,,,,,,,,,,,,,,,,,,,,,,,,,,,,,,,,,,,,,,,,,,,,,,,,,,,,,,,,,102,,,,,,,,,,,,,,,,,,,,0,0,0,0,0,0,0,0,0,0,0,0,0,0,0,0,0,0,,,,,0,0,0,0
0001875,2875,10000,5750,575000,S,,,,,,,202511,20251115,土,特休,,■,,,,日勤3,,,10:41,19:40,11:00,19:40,07'40,01'00,,,,,,,,,07'40,,,,,,,,,,,,,,,00'19,,,,,,,,,,,,,,,,,,,,日勤3,,,,,102,,,,11:00,19:40,01'00,,,,,,,,,,,,,,0,0,0,740,0,0,0,0,0,19,0,0,0,0,740,100,0,0,,,,,1041,1940,1100,1940
0001875,2875,10000,5750,575000,S,,,,,,,202511,20251115,土,特休,,■,,,,,,,,,,,,,,,,,,,,,,,,,,,,,,,,,,,,,,,,,,,,,,,,,,,,,,,,,,,,,102,,,,,,,,,,,,,,,,,,,,0,0,0,0,0,0,0,0,0,0,0,0,0,0,0,0,0,0,,,,,0,0,0,0
0001875,2875,10000,5750,575000,S,,,,,,,202511,20251116,日,公休,,■,,特休,,-,,,,,,,,,,,,,,,,,,,,,,,,,,,,,,,,,,,,,,,,,,,,,,,,,,,,,,,,,102,,,,0:00,48:00:00,,,,,,,,,,,,,,,0,0,0,0,0,0,0,0,0,0,0,0,0,0,0,0,0,0,,,,,0,0,0,0
0001875,2875,10000,5750,575000,S,,,,,,,202511,20251116,日,公休,,■,,特休,,,,,,,,,,,,,,,,,,,,,,,,,,,,,,,,,,,,,,,,,,,,,,,,,,,,,,,,,,,102,,,,,,,,,,,,,,,,,,,,0,0,0,0,0,0,0,0,0,0,0,0,0,0,0,0,0,0,,,,,0,0,0,0
0001875,2875,10000,5750,575000,S,,,,,,,202511,20251117,月,,,■,,,,日勤3,,,10:40,19:40,11:00,19:40,07'40,01'00,,,,,,,,,07'40,,,,,,,,,,,,,,,00'20,,,,,,,,,,,,,,,,,,,,日勤3,,,,,102,,,,11:00,19:40,01'00,,,,,,,,,,,,,,0,0,0,740,0,0,0,0,0,20,0,0,0,0,740,100,0,0,,,,,1040,1940,1100,1940
0001875,2875,10000,5750,575000,S,,,,,,,202511,20251117,月,,,■,,,,,,,,,,,,,,,,,,,,,,,,,,,,,,,,,,,,,,,,,,,,,,,,,,,,,,,,,,,,,102,,,,,,,,,,,,,,,,,,,,0,0,0,0,0,0,0,0,0,0,0,0,0,0,0,0,0,0,,,,,0,0,0,0
0001875,2875,10000,5750,575000,S,,,,,,,202511,20251118,火,,,■,,,,日勤3,,,10:40,19:40,11:00,19:40,07'40,01'00,,,,,,,,,07'40,,,,,,,,,,,,,,,00'20,,,,,,,,,,,,,,,,,,,,日勤3,,,,,102,,,,11:00,19:40,01'00,,,,,,,,,,,,,,0,0,0,740,0,0,0,0,0,20,0,0,0,0,740,100,0,0,,,,,1040,1940,1100,1940
0001875,2875,10000,5750,575000,S,,,,,,,202511,20251118,火,,,■,,,,,,,,,,,,,,,,,,,,,,,,,,,,,,,,,,,,,,,,,,,,,,,,,,,,,,,,,,,,,102,,,,,,,,,,,,,,,,,,,,0,0,0,0,0,0,0,0,0,0,0,0,0,0,0,0,0,0,,,,,0,0,0,0
0001875,2875,10000,5750,575000,S,,,,,,,202511,20251119,水,,,■,,,,日勤3,,,10:40,19:40,11:00,19:40,07'40,01'00,,,,,,,,,07'40,,,,,,,,,,,,,,,00'20,,,,,,,,,,,,,,,,,,,,日勤3,,,,,102,,,,11:00,19:40,01'00,,,,,,,,,,,,,,0,0,0,740,0,0,0,0,0,20,0,0,0,0,740,100,0,0,,,,,1040,1940,1100,1940
0001875,2875,10000,5750,575000,S,,,,,,,202511,20251119,水,,,■,,,,,,,,,,,,,,,,,,,,,,,,,,,,,,,,,,,,,,,,,,,,,,,,,,,,,,,,,,,,,102,,,,,,,,,,,,,,,,,,,,0,0,0,0,0,0,0,0,0,0,0,0,0,0,0,0,0,0,,,,,0,0,0,0
0001875,2875,10000,5750,575000,S,,,,,,,202511,20251120,木,,,■,,公休,,-,,,,,,,,,,,,,,,,,,,,,,,,,,,,,,,,,,,,,,,,,,,,,,,,,,,,,,,,,102,,,,0:00,48:00:00,,,,,,,,,,,,,,,0,0,0,0,0,0,0,0,0,0,0,0,0,0,0,0,0,0,,,,,0,0,0,0
0001875,2875,10000,5750,575000,S,,,,,,,202511,20251120,木,,,■,,公休,,,,,,,,,,,,,,,,,,,,,,,,,,,,,,,,,,,,,,,,,,,,,,,,,,,,,,,,,,,102,,,,,,,,,,,,,,,,,,,,0,0,0,0,0,0,0,0,0,0,0,0,0,0,0,0,0,0,,,,,0,0,0,0
0001875,2875,10000,5750,575000,S,,,,,,,202511,20251121,金,,,■,,特休,,-,,,,,,,,,,,,,,,,,,,,,,,,,,,,,,,,,,,,,,,,,,,,,,,,,,,,,,,,,102,,,,0:00,48:00:00,,,,,,,,,,,,,,,0,0,0,0,0,0,0,0,0,0,0,0,0,0,0,0,0,0,,,,,0,0,0,0
0001875,2875,10000,5750,575000,S,,,,,,,202511,20251121,金,,,■,,特休,,,,,,,,,,,,,,,,,,,,,,,,,,,,,,,,,,,,,,,,,,,,,,,,,,,,,,,,,,,102,,,,,,,,,,,,,,,,,,,,0,0,0,0,0,0,0,0,0,0,0,0,0,0,0,0,0,0,,,,,0,0,0,0
0001875,2875,10000,5750,575000,S,,,,,,,202511,20251122,土,特休,,■,,,,日勤3,,,10:40,19:46,11:00,19:40,07'40,01'00,,,,,,,,,07'40,,,,,,,,,,,,,,,00'20,00'06,,,,,,,,,,,,,,,,,,,日勤3,,,,,102,,,,11:00,19:40,01'00,,,,,,,,,,,,,,0,0,0,740,0,0,0,0,0,20,6,0,0,0,740,100,0,0,,,,,1040,1946,1100,1940
0001875,2875,10000,5750,575000,S,,,,,,,202511,20251122,土,特休,,■,,,,,,,,,,,,,,,,,,,,,,,,,,,,,,,,,,,,,,,,,,,,,,,,,,,,,,,,,,,,,102,,,,,,,,,,,,,,,,,,,,0,0,0,0,0,0,0,0,0,0,0,0,0,0,0,0,0,0,,,,,0,0,0,0
0001875,2875,10000,5750,575000,S,,,,,,,202511,20251123,日,公休,,■,,公休,,-,,,,,,,,,,,,,,,,,,,,,,,,,,,,,,,,,,,,,,,,,,,,,,,,,,,,,,,,,102,,,,0:00,48:00:00,,,,,,,,,,,,,,,0,0,0,0,0,0,0,0,0,0,0,0,0,0,0,0,0,0,,,,,0,0,0,0
0001875,2875,10000,5750,575000,S,,,,,,,202511,20251123,日,公休,,■,,公休,,,,,,,,,,,,,,,,,,,,,,,,,,,,,,,,,,,,,,,,,,,,,,,,,,,,,,,,,,,102,,,,,,,,,,,,,,,,,,,,0,0,0,0,0,0,0,0,0,0,0,0,0,0,0,0,0,0,,,,,0,0,0,0
0001875,2875,10000,5750,575000,S,,,,,,,202511,20251124,月,平日,,■,,,,日勤3,,,10:40,19:40,11:00,19:40,07'40,01'00,,,,,,,,,07'40,,,,,,,,,,,,,,,00'20,,,,,,,,,,,,,,,,,,,,日勤3,,,,,102,,,,11:00,19:40,01'00,,,,,,,,,,,,,,0,0,0,740,0,0,0,0,0,20,0,0,0,0,740,100,0,0,,,,,1040,1940,1100,1940
0001875,2875,10000,5750,575000,S,,,,,,,202511,20251124,月,平日,,■,,,,,,,,,,,,,,,,,,,,,,,,,,,,,,,,,,,,,,,,,,,,,,,,,,,,,,,,,,,,,102,,,,,,,,,,,,,,,,,,,,0,0,0,0,0,0,0,0,0,0,0,0,0,0,0,0,0,0,,,,,0,0,0,0
0001875,2875,10000,5750,575000,S,,,,,,,202511,20251125,火,,,■,,,,日勤3,,,10:41,19:40,11:00,19:40,07'40,01'00,,,,,,,,,07'40,,,,,,,,,,,,,,,00'19,,,,,,,,,,,,,,,,,,,,日勤3,,,,,102,,,,11:00,19:40,01'00,,,,,,,,,,,,,,0,0,0,740,0,0,0,0,0,19,0,0,0,0,740,100,0,0,,,,,1041,1940,1100,1940
0001875,2875,10000,5750,575000,S,,,,,,,202511,20251125,火,,,■,,,,,,,,,,,,,,,,,,,,,,,,,,,,,,,,,,,,,,,,,,,,,,,,,,,,,,,,,,,,,102,,,,,,,,,,,,,,,,,,,,0,0,0,0,0,0,0,0,0,0,0,0,0,0,0,0,0,0,,,,,0,0,0,0
0001875,2875,10000,5750,575000,S,,,,,,,202511,20251126,水,,,■,,特休,,-,,,,,,,,,,,,,,,,,,,,,,,,,,,,,,,,,,,,,,,,,,,,,,,,,,,,,,,,,102,,,,0:00,48:00:00,,,,,,,,,,,,,,,0,0,0,0,0,0,0,0,0,0,0,0,0,0,0,0,0,0,,,,,0,0,0,0
0001875,2875,10000,5750,575000,S,,,,,,,202511,20251126,水,,,■,,特休,,,,,,,,,,,,,,,,,,,,,,,,,,,,,,,,,,,,,,,,,,,,,,,,,,,,,,,,,,,102,,,,,,,,,,,,,,,,,,,,0,0,0,0,0,0,0,0,0,0,0,0,0,0,0,0,0,0,,,,,0,0,0,0
0001875,2875,10000,5750,575000,S,,,,,,,202511,20251127,木,,,■,,公休,,-,,,,,,,,,,,,,,,,,,,,,,,,,,,,,,,,,,,,,,,,,,,,,,,,,,,,,,,,,102,,,,0:00,48:00:00,,,,,,,,,,,,,,,0,0,0,0,0,0,0,0,0,0,0,0,0,0,0,0,0,0,,,,,0,0,0,0
0001875,2875,10000,5750,575000,S,,,,,,,202511,20251127,木,,,■,,公休,,,,,,,,,,,,,,,,,,,,,,,,,,,,,,,,,,,,,,,,,,,,,,,,,,,,,,,,,,,102,,,,,,,,,,,,,,,,,,,,0,0,0,0,0,0,0,0,0,0,0,0,0,0,0,0,0,0,,,,,0,0,0,0
0001875,2875,10000,5750,575000,S,,,,,,,202511,20251128,金,,,■,,,,日勤3,,,10:40,19:41,11:00,19:40,07'40,01'00,,,,,,,,,07'40,,,,,,,,,,,,,,,00'20,00'01,,,,,,,,,,,,,,,,,,,日勤3,,,,,102,,,,11:00,19:40,01'00,,,,,,,,,,,,,,0,0,0,740,0,0,0,0,0,20,1,0,0,0,740,100,0,0,,,,,1040,1941,1100,1940
0001875,2875,10000,5750,575000,S,,,,,,,202511,20251128,金,,,■,,,,,,,,,,,,,,,,,,,,,,,,,,,,,,,,,,,,,,,,,,,,,,,,,,,,,,,,,,,,,102,,,,,,,,,,,,,,,,,,,,0,0,0,0,0,0,0,0,0,0,0,0,0,0,0,0,0,0,,,,,0,0,0,0
0001875,2875,10000,5750,575000,S,,,,,,,202511,20251129,土,特休,,■,,,,日勤3,,,10:46,19:40,11:00,19:40,07'40,01'00,,,,,,,,,07'40,,,,,,,,,,,,,,,00'14,,,,,,,,,,,,,,,,,,,,日勤3,,,,,102,,,,11:00,19:40,01'00,,,,,,,,,,,,,,0,0,0,740,0,0,0,0,0,14,0,0,0,0,740,100,0,0,,,,,1046,1940,1100,1940
0001875,2875,10000,5750,575000,S,,,,,,,202511,20251129,土,特休,,■,,,,,,,,,,,,,,,,,,,,,,,,,,,,,,,,,,,,,,,,,,,,,,,,,,,,,,,,,,,,,102,,,,,,,,,,,,,,,,,,,,0,0,0,0,0,0,0,0,0,0,0,0,0,0,0,0,0,0,,,,,0,0,0,0
0001875,2875,10000,5750,575000,S,,,,,,,202511,20251130,日,公休,,■,,,,日勤3,,,10:44,19:40,11:00,19:40,07'40,01'00,,,,,,,,,07'40,,,,,,,,,,,,,,,00'16,,,,,,,,,,,,,,,,,,,,日勤3,,,,,102,,,,11:00,19:40,01'00,,,,,,,,,,,,,,0,0,0,740,0,0,0,0,0,16,0,0,0,0,740,100,0,0,,,,,1044,1940,1100,1940
0001875,2875,10000,5750,575000,S,,,,,,,202511,20251130,日,公休,,■,,,,,,,,,,,,,,,,,,,,,,,,,,,,,,,,,,,,,,,,,,,,,,,,,,,,,,,,,,,,,102,,,,,,,,,,,,,,,,,,,,0,0,0,0,0,0,0,0,0,0,0,0,0,0,0,0,0,0,,,,,0,0,0,0
0001875,2875,10000,5750,575000,S,,,,,,,202512,20251201,月,,,■,,特休,,-,,,,,,,,,,,,,,,,,,,,,,,,,,,,,,,,,,,,,,,,,,,,,,,,,,,,,,,,,102,,,,0:00,48:00:00,,,,,,,,,,,,,,,0,0,0,0,0,0,0,0,0,0,0,0,0,0,0,0,0,0,,,,,0,0,0,0
0001875,2875,10000,5750,575000,S,,,,,,,202512,20251201,月,,,■,,特休,,,,,,,,,,,,,,,,,,,,,,,,,,,,,,,,,,,,,,,,,,,,,,,,,,,,,,,,,,,102,,,,,,,,,,,,,,,,,,,,0,0,0,0,0,0,0,0,0,0,0,0,0,0,0,0,0,0,,,,,0,0,0,0
0001875,2875,10000,5750,575000,S,,,,,,,202512,20251202,火,,,■,,,,日勤3,,,10:41,19:40,11:00,19:40,07'40,01'00,,,,,,,,,07'40,,,,,,,,,,,,,,,00'19,,,,,,,,,,,,,,,,,,,,日勤3,,,,,102,,,,11:00,19:40,01'00,,,,,,,,,,,,,,0,0,0,740,0,0,0,0,0,19,0,0,0,0,740,100,0,0,,,,,1041,1940,1100,1940
0001875,2875,10000,5750,575000,S,,,,,,,202512,20251202,火,,,■,,,,,,,,,,,,,,,,,,,,,,,,,,,,,,,,,,,,,,,,,,,,,,,,,,,,,,,,,,,,,102,,,,,,,,,,,,,,,,,,,,0,0,0,0,0,0,0,0,0,0,0,0,0,0,0,0,0,0,,,,,0,0,0,0
0001875,2875,10000,5750,575000,S,,,,,,,202512,20251203,水,,,■,,,,日勤3,,,10:41,19:47,11:00,19:40,07'40,01'00,,,,,,,,,07'40,,,,,,,,,,,,,,,00'19,00'07,,,,,,,,,,,,,,,,,,,日勤3,,,,,102,,,,11:00,19:40,01'00,,,,,,,,,,,,,,0,0,0,740,0,0,0,0,0,19,7,0,0,0,740,100,0,0,,,,,1041,1947,1100,1940
0001875,2875,10000,5750,575000,S,,,,,,,202512,20251203,水,,,■,,,,,,,,,,,,,,,,,,,,,,,,,,,,,,,,,,,,,,,,,,,,,,,,,,,,,,,,,,,,,102,,,,,,,,,,,,,,,,,,,,0,0,0,0,0,0,0,0,0,0,0,0,0,0,0,0,0,0,,,,,0,0,0,0
0001875,2875,10000,5750,575000,S,,,,,,,202512,20251204,木,,,■,,,,日勤3,,,10:41,19:40,11:00,19:40,07'40,01'00,,,,,,,,,07'40,,,,,,,,,,,,,,,00'19,,,,,,,,,,,,,,,,,,,,日勤3,,,,,102,,,,11:00,19:40,01'00,,,,,,,,,,,,,,0,0,0,740,0,0,0,0,0,19,0,0,0,0,740,100,0,0,,,,,1041,1940,1100,1940
0001875,2875,10000,5750,575000,S,,,,,,,202512,20251204,木,,,■,,,,,,,,,,,,,,,,,,,,,,,,,,,,,,,,,,,,,,,,,,,,,,,,,,,,,,,,,,,,,102,,,,,,,,,,,,,,,,,,,,0,0,0,0,0,0,0,0,0,0,0,0,0,0,0,0,0,0,,,,,0,0,0,0
0001875,2875,10000,5750,575000,S,,,,,,,202512,20251205,金,,,■,,,,日勤3,,,10:40,19:40,11:00,19:40,07'40,01'00,,,,,,,,,07'40,,,,,,,,,,,,,,,00'20,,,,,,,,,,,,,,,,,,,,日勤3,,,,,102,,,,11:00,19:40,01'00,,,,,,,,,,,,,,0,0,0,740,0,0,0,0,0,20,0,0,0,0,740,100,0,0,,,,,1040,1940,1100,1940
0001875,2875,10000,5750,575000,S,,,,,,,202512,20251205,金,,,■,,,,,,,,,,,,,,,,,,,,,,,,,,,,,,,,,,,,,,,,,,,,,,,,,,,,,,,,,,,,,102,,,,,,,,,,,,,,,,,,,,0,0,0,0,0,0,0,0,0,0,0,0,0,0,0,0,0,0,,,,,0,0,0,0
0001875,2875,10000,5750,575000,S,,,,,,,202512,20251206,土,特休,,■,,公休,,-,,,,,,,,,,,,,,,,,,,,,,,,,,,,,,,,,,,,,,,,,,,,,,,,,,,,,,,,,102,,,,0:00,48:00:00,,,,,,,,,,,,,,,0,0,0,0,0,0,0,0,0,0,0,0,0,0,0,0,0,0,,,,,0,0,0,0
0001875,2875,10000,5750,575000,S,,,,,,,202512,20251206,土,特休,,■,,公休,,,,,,,,,,,,,,,,,,,,,,,,,,,,,,,,,,,,,,,,,,,,,,,,,,,,,,,,,,,102,,,,,,,,,,,,,,,,,,,,0,0,0,0,0,0,0,0,0,0,0,0,0,0,0,0,0,0,,,,,0,0,0,0
0001875,2875,10000,5750,575000,S,,,,,,,202512,20251207,日,公休,,■,,,,日勤3,,,10:40,19:40,11:00,19:40,07'40,01'00,,,,,,,,,07'40,,,,,,,,,,,,,,,00'20,,,,,,,,,,,,,,,,,,,,日勤3,,,,,102,,,,11:00,19:40,01'00,,,,,,,,,,,,,,0,0,0,740,0,0,0,0,0,20,0,0,0,0,740,100,0,0,,,,,1040,1940,1100,1940
0001875,2875,10000,5750,575000,S,,,,,,,202512,20251207,日,公休,,■,,,,,,,,,,,,,,,,,,,,,,,,,,,,,,,,,,,,,,,,,,,,,,,,,,,,,,,,,,,,,102,,,,,,,,,,,,,,,,,,,,0,0,0,0,0,0,0,0,0,0,0,0,0,0,0,0,0,0,,,,,0,0,0,0
0001875,2875,10000,5750,575000,S,,,,,,,202512,20251208,月,,,■,,特休,,-,,,,,,,,,,,,,,,,,,,,,,,,,,,,,,,,,,,,,,,,,,,,,,,,,,,,,,,,,102,,,,0:00,48:00:00,,,,,,,,,,,,,,,0,0,0,0,0,0,0,0,0,0,0,0,0,0,0,0,0,0,,,,,0,0,0,0
0001875,2875,10000,5750,575000,S,,,,,,,202512,20251208,月,,,■,,特休,,,,,,,,,,,,,,,,,,,,,,,,,,,,,,,,,,,,,,,,,,,,,,,,,,,,,,,,,,,102,,,,,,,,,,,,,,,,,,,,0,0,0,0,0,0,0,0,0,0,0,0,0,0,0,0,0,0,,,,,0,0,0,0
0001875,2875,10000,5750,575000,S,,,,,,,202512,20251209,火,,,■,,公休,,-,,,,,,,,,,,,,,,,,,,,,,,,,,,,,,,,,,,,,,,,,,,,,,,,,,,,,,,,,102,,,,0:00,48:00:00,,,,,,,,,,,,,,,0,0,0,0,0,0,0,0,0,0,0,0,0,0,0,0,0,0,,,,,0,0,0,0
0001875,2875,10000,5750,575000,S,,,,,,,202512,20251209,火,,,■,,公休,,,,,,,,,,,,,,,,,,,,,,,,,,,,,,,,,,,,,,,,,,,,,,,,,,,,,,,,,,,102,,,,,,,,,,,,,,,,,,,,0,0,0,0,0,0,0,0,0,0,0,0,0,0,0,0,0,0,,,,,0,0,0,0
0001875,2875,10000,5750,575000,S,,,,,,,202512,20251210,水,,,■,,,,日勤,,,8:41,17:41,9:00,17:40,07'40,01'00,,,,,,,,,07'40,,,,,,,,,,,,,,,00'19,00'01,,,,,,,,,,,,,,,,,,,日勤,,,,,102,,,,9:00,17:40,01'00,,,,,,,,,,,,,,0,0,0,740,0,0,0,0,0,19,1,0,0,0,740,100,0,0,,,,,841,1741,900,1740
0001875,2875,10000,5750,575000,S,,,,,,,202512,20251210,水,,,■,,,,,,,,,,,,,,,,,,,,,,,,,,,,,,,,,,,,,,,,,,,,,,,,,,,,,,,,,,,,,102,,,,,,,,,,,,,,,,,,,,0,0,0,0,0,0,0,0,0,0,0,0,0,0,0,0,0,0,,,,,0,0,0,0
0001875,2875,10000,5750,575000,S,,,,,,,202512,20251211,木,,,■,,,,日勤,,,8:41,17:40,9:00,17:40,07'40,01'00,,,,,,,,,07'40,,,,,,,,,,,,,,,00'19,,,,,,,,,,,,,,,,,,,,日勤,,,,,102,,,,9:00,17:40,01'00,,,,,,,,,,,,,,0,0,0,740,0,0,0,0,0,19,0,0,0,0,740,100,0,0,,,,,841,1740,900,1740
0001875,2875,10000,5750,575000,S,,,,,,,202512,20251211,木,,,■,,,,,,,,,,,,,,,,,,,,,,,,,,,,,,,,,,,,,,,,,,,,,,,,,,,,,,,,,,,,,102,,,,,,,,,,,,,,,,,,,,0,0,0,0,0,0,0,0,0,0,0,0,0,0,0,0,0,0,,,,,0,0,0,0
0001875,2875,10000,5750,575000,S,,,,,,,202512,20251212,金,,,■,,,,日勤3,,,10:40,19:40,11:00,19:40,07'40,01'00,,,,,,,,,07'40,,,,,,,,,,,,,,,00'20,,,,,,,,,,,,,,,,,,,,日勤3,,,,,102,,,,11:00,19:40,01'00,,,,,,,,,,,,,,0,0,0,740,0,0,0,0,0,20,0,0,0,0,740,100,0,0,,,,,1040,1940,1100,1940
0001875,2875,10000,5750,575000,S,,,,,,,202512,20251212,金,,,■,,,,,,,,,,,,,,,,,,,,,,,,,,,,,,,,,,,,,,,,,,,,,,,,,,,,,,,,,,,,,102,,,,,,,,,,,,,,,,,,,,0,0,0,0,0,0,0,0,0,0,0,0,0,0,0,0,0,0,,,,,0,0,0,0
0001875,2875,10000,5750,575000,S,,,,,,,202512,20251213,土,特休,,■,,特休,,-,,,,,,,,,,,,,,,,,,,,,,,,,,,,,,,,,,,,,,,,,,,,,,,,,,,,,,,,,102,,,,0:00,48:00:00,,,,,,,,,,,,,,,0,0,0,0,0,0,0,0,0,0,0,0,0,0,0,0,0,0,,,,,0,0,0,0
0001875,2875,10000,5750,575000,S,,,,,,,202512,20251213,土,特休,,■,,特休,,,,,,,,,,,,,,,,,,,,,,,,,,,,,,,,,,,,,,,,,,,,,,,,,,,,,,,,,,,102,,,,,,,,,,,,,,,,,,,,0,0,0,0,0,0,0,0,0,0,0,0,0,0,0,0,0,0,,,,,0,0,0,0
0001875,2875,10000,5750,575000,S,,,,,,,202512,20251214,日,公休,,■,,,,日勤3,,,10:45,19:40,11:00,19:40,07'40,01'00,,,,,,,,,07'40,,,,,,,,,,,,,,,00'15,,,,,,,,,,,,,,,,,,,,日勤3,,,,,102,,,,11:00,19:40,01'00,,,,,,,,,,,,,,0,0,0,740,0,0,0,0,0,15,0,0,0,0,740,100,0,0,,,,,1045,1940,1100,1940
0001875,2875,10000,5750,575000,S,,,,,,,202512,20251214,日,公休,,■,,,,,,,,,,,,,,,,,,,,,,,,,,,,,,,,,,,,,,,,,,,,,,,,,,,,,,,,,,,,,102,,,,,,,,,,,,,,,,,,,,0,0,0,0,0,0,0,0,0,0,0,0,0,0,0,0,0,0,,,,,0,0,0,0
0001875,2875,10000,5750,575000,S,,,,,,,202512,20251215,月,,,■,,,,日勤3,,,10:44,19:40,11:00,19:40,07'40,01'00,,,,,,,,,07'40,,,,,,,,,,,,,,,00'16,,,,,,,,,,,,,,,,,,,,日勤3,,,,,102,,,,11:00,19:40,01'00,,,,,,,,,,,,,,0,0,0,740,0,0,0,0,0,16,0,0,0,0,740,100,0,0,,,,,1044,1940,1100,1940
0001875,2875,10000,5750,575000,S,,,,,,,202512,20251215,月,,,■,,,,,,,,,,,,,,,,,,,,,,,,,,,,,,,,,,,,,,,,,,,,,,,,,,,,,,,,,,,,,102,,,,,,,,,,,,,,,,,,,,0,0,0,0,0,0,0,0,0,0,0,0,0,0,0,0,0,0,,,,,0,0,0,0
0001875,2875,10000,5750,575000,S,,,,,,,202512,20251216,火,,,■,,,,日勤3,,,10:40,19:40,11:00,19:40,07'40,01'00,,,,,,,,,07'40,,,,,,,,,,,,,,,00'20,,,,,,,,,,,,,,,,,,,,日勤3,,,,,102,,,,11:00,19:40,01'00,,,,,,,,,,,,,,0,0,0,740,0,0,0,0,0,20,0,0,0,0,740,100,0,0,,,,,1040,1940,1100,1940
0001875,2875,10000,5750,575000,S,,,,,,,202512,20251216,火,,,■,,,,,,,,,,,,,,,,,,,,,,,,,,,,,,,,,,,,,,,,,,,,,,,,,,,,,,,,,,,,,102,,,,,,,,,,,,,,,,,,,,0,0,0,0,0,0,0,0,0,0,0,0,0,0,0,0,0,0,,,,,0,0,0,0
0001875,2875,10000,5750,575000,S,,,,,,,202512,20251217,水,,,■,,公休,,-,,,,,,,,,,,,,,,,,,,,,,,,,,,,,,,,,,,,,,,,,,,,,,,,,,,,,,,,,102,,,,0:00,48:00:00,,,,,,,,,,,,,,,0,0,0,0,0,0,0,0,0,0,0,0,0,0,0,0,0,0,,,,,0,0,0,0
0001875,2875,10000,5750,575000,S,,,,,,,202512,20251217,水,,,■,,公休,,,,,,,,,,,,,,,,,,,,,,,,,,,,,,,,,,,,,,,,,,,,,,,,,,,,,,,,,,,102,,,,,,,,,,,,,,,,,,,,0,0,0,0,0,0,0,0,0,0,0,0,0,0,0,0,0,0,,,,,0,0,0,0
0001875,2875,10000,5750,575000,S,,,,,,,202512,20251218,木,,,■,,,,日勤3,,,10:40,19:40,11:00,19:40,07'40,01'00,,,,,,,,,07'40,,,,,,,,,,,,,,,00'20,,,,,,,,,,,,,,,,,,,,日勤3,,,,,102,,,,11:00,19:40,01'00,,,,,,,,,,,,,,0,0,0,740,0,0,0,0,0,20,0,0,0,0,740,100,0,0,,,,,1040,1940,1100,1940
0001875,2875,10000,5750,575000,S,,,,,,,202512,20251218,木,,,■,,,,,,,,,,,,,,,,,,,,,,,,,,,,,,,,,,,,,,,,,,,,,,,,,,,,,,,,,,,,,102,,,,,,,,,,,,,,,,,,,,0,0,0,0,0,0,0,0,0,0,0,0,0,0,0,0,0,0,,,,,0,0,0,0
0001875,2875,10000,5750,575000,S,,,,,,,202512,20251219,金,,,■,,,,日勤3,,,10:40,19:41,11:00,19:40,07'40,01'00,,,,,,,,,07'40,,,,,,,,,,,,,,,00'20,00'01,,,,,,,,,,,,,,,,,,,日勤3,,,,,102,,,,11:00,19:40,01'00,,,,,,,,,,,,,,0,0,0,740,0,0,0,0,0,20,1,0,0,0,740,100,0,0,,,,,1040,1941,1100,1940
0001875,2875,10000,5750,575000,S,,,,,,,202512,20251219,金,,,■,,,,,,,,,,,,,,,,,,,,,,,,,,,,,,,,,,,,,,,,,,,,,,,,,,,,,,,,,,,,,102,,,,,,,,,,,,,,,,,,,,0,0,0,0,0,0,0,0,0,0,0,0,0,0,0,0,0,0,,,,,0,0,0,0
0001875,2875,10000,5750,575000,S,,,,,,,202512,20251220,土,特休,,■,,,,日勤3,,,10:40,19:40,11:00,19:40,07'40,01'00,,,,,,,,,07'40,,,,,,,,,,,,,,,00'20,,,,,,,,,,,,,,,,,,,,日勤3,,,,,102,,,,11:00,19:40,01'00,,,,,,,,,,,,,,0,0,0,740,0,0,0,0,0,20,0,0,0,0,740,100,0,0,,,,,1040,1940,1100,1940
0001875,2875,10000,5750,575000,S,,,,,,,202512,20251220,土,特休,,■,,,,,,,,,,,,,,,,,,,,,,,,,,,,,,,,,,,,,,,,,,,,,,,,,,,,,,,,,,,,,102,,,,,,,,,,,,,,,,,,,,0,0,0,0,0,0,0,0,0,0,0,0,0,0,0,0,0,0,,,,,0,0,0,0
0001875,2875,10000,5750,575000,S,,,,,,,202512,20251221,日,公休,,■,,特休,,-,,,,,,,,,,,,,,,,,,,,,,,,,,,,,,,,,,,,,,,,,,,,,,,,,,,,,,,,,102,,,,0:00,48:00:00,,,,,,,,,,,,,,,0,0,0,0,0,0,0,0,0,0,0,0,0,0,0,0,0,0,,,,,0,0,0,0
0001875,2875,10000,5750,575000,S,,,,,,,202512,20251221,日,公休,,■,,特休,,,,,,,,,,,,,,,,,,,,,,,,,,,,,,,,,,,,,,,,,,,,,,,,,,,,,,,,,,,102,,,,,,,,,,,,,,,,,,,,0,0,0,0,0,0,0,0,0,0,0,0,0,0,0,0,0,0,,,,,0,0,0,0
0001875,2875,10000,5750,575000,S,,,,,,,202512,20251222,月,,,■,,,,日勤3,,,10:40,19:40,11:00,19:40,07'40,01'00,,,,,,,,,07'40,,,,,,,,,,,,,,,00'20,,,,,,,,,,,,,,,,,,,,日勤3,,,,,102,,,,11:00,19:40,01'00,,,,,,,,,,,,,,0,0,0,740,0,0,0,0,0,20,0,0,0,0,740,100,0,0,,,,,1040,1940,1100,1940
0001875,2875,10000,5750,575000,S,,,,,,,202512,20251222,月,,,■,,,,,,,,,,,,,,,,,,,,,,,,,,,,,,,,,,,,,,,,,,,,,,,,,,,,,,,,,,,,,102,,,,,,,,,,,,,,,,,,,,0,0,0,0,0,0,0,0,0,0,0,0,0,0,0,0,0,0,,,,,0,0,0,0
0001875,2875,10000,5750,575000,S,,,,,,,202512,20251223,火,,,■,,,,日勤3,,,10:40,19:40,11:00,19:40,07'40,01'00,,,,,,,,,07'40,,,,,,,,,,,,,,,00'20,,,,,,,,,,,,,,,,,,,,日勤3,,,,,102,,,,11:00,19:40,01'00,,,,,,,,,,,,,,0,0,0,740,0,0,0,0,0,20,0,0,0,0,740,100,0,0,,,,,1040,1940,1100,1940
0001875,2875,10000,5750,575000,S,,,,,,,202512,20251223,火,,,■,,,,,,,,,,,,,,,,,,,,,,,,,,,,,,,,,,,,,,,,,,,,,,,,,,,,,,,,,,,,,102,,,,,,,,,,,,,,,,,,,,0,0,0,0,0,0,0,0,0,0,0,0,0,0,0,0,0,0,,,,,0,0,0,0
0001875,2875,10000,5750,575000,S,,,,,,,202512,20251224,水,,,■,,,,日勤3,,,10:42,19:40,11:00,19:40,07'40,01'00,,,,,,,,,07'40,,,,,,,,,,,,,,,00'18,,,,,,,,,,,,,,,,,,,,日勤3,,,,,102,,,,11:00,19:40,01'00,,,,,,,,,,,,,,0,0,0,740,0,0,0,0,0,18,0,0,0,0,740,100,0,0,,,,,1042,1940,1100,1940
0001875,2875,10000,5750,575000,S,,,,,,,202512,20251224,水,,,■,,,,,,,,,,,,,,,,,,,,,,,,,,,,,,,,,,,,,,,,,,,,,,,,,,,,,,,,,,,,,102,,,,,,,,,,,,,,,,,,,,0,0,0,0,0,0,0,0,0,0,0,0,0,0,0,0,0,0,,,,,0,0,0,0
0001875,2875,10000,5750,575000,S,,,,,,,202512,20251225,木,,,■,,,,日勤3,,,10:41,19:41,11:00,19:40,07'40,01'00,,,,,,,,,07'40,,,,,,,,,,,,,,,00'19,00'01,,,,,,,,,,,,,,,,,,,日勤3,,,,,102,,,,11:00,19:40,01'00,,,,,,,,,,,,,,0,0,0,740,0,0,0,0,0,19,1,0,0,0,740,100,0,0,,,,,1041,1941,1100,1940
0001875,2875,10000,5750,575000,S,,,,,,,202512,20251225,木,,,■,,,,,,,,,,,,,,,,,,,,,,,,,,,,,,,,,,,,,,,,,,,,,,,,,,,,,,,,,,,,,102,,,,,,,,,,,,,,,,,,,,0,0,0,0,0,0,0,0,0,0,0,0,0,0,0,0,0,0,,,,,0,0,0,0
0001875,2875,10000,5750,575000,S,,,,,,,202512,20251226,金,,,■,,公休,,-,,,,,,,,,,,,,,,,,,,,,,,,,,,,,,,,,,,,,,,,,,,,,,,,,,,,,,,,,102,,,,0:00,48:00:00,,,,,,,,,,,,,,,0,0,0,0,0,0,0,0,0,0,0,0,0,0,0,0,0,0,,,,,0,0,0,0
0001875,2875,10000,5750,575000,S,,,,,,,202512,20251226,金,,,■,,公休,,,,,,,,,,,,,,,,,,,,,,,,,,,,,,,,,,,,,,,,,,,,,,,,,,,,,,,,,,,102,,,,,,,,,,,,,,,,,,,,0,0,0,0,0,0,0,0,0,0,0,0,0,0,0,0,0,0,,,,,0,0,0,0
0001875,2875,10000,5750,575000,S,,,,,,,202512,20251227,土,特休,,■,,,,日勤3,,,10:47,19:42,11:00,19:40,07'40,01'00,,,,,,,,,07'40,,,,,,,,,,,,,,,00'13,00'02,,,,,,,,,,,,,,,,,,,日勤3,,,,,102,,,,11:00,19:40,01'00,,,,,,,,,,,,,,0,0,0,740,0,0,0,0,0,13,2,0,0,0,740,100,0,0,,,,,1047,1942,1100,1940
0001875,2875,10000,5750,575000,S,,,,,,,202512,20251227,土,特休,,■,,,,,,,,,,,,,,,,,,,,,,,,,,,,,,,,,,,,,,,,,,,,,,,,,,,,,,,,,,,,,102,,,,,,,,,,,,,,,,,,,,0,0,0,0,0,0,0,0,0,0,0,0,0,0,0,0,0,0,,,,,0,0,0,0
0001875,2875,10000,5750,575000,S,,,,,,,202512,20251228,日,公休,,■,,,,日勤3,,,10:40,19:55,11:00,19:40,07'40,01'00,,,,,,,,,07'40,,,,,,,,,,,,,,,00'20,00'15,,,,,,,,,,,,,,,,,,,日勤3,,,,,102,,,,11:00,19:40,01'00,,,,,,,,,,,,,,0,0,0,740,0,0,0,0,0,20,15,0,0,0,740,100,0,0,,,,,1040,1955,1100,1940
0001875,2875,10000,5750,575000,S,,,,,,,202512,20251228,日,公休,,■,,,,,,,,,,,,,,,,,,,,,,,,,,,,,,,,,,,,,,,,,,,,,,,,,,,,,,,,,,,,,102,,,,,,,,,,,,,,,,,,,,0,0,0,0,0,0,0,0,0,0,0,0,0,0,0,0,0,0,,,,,0,0,0,0
0001875,2875,10000,5750,575000,S,,,,,,,202512,20251229,月,,,■,,,,日勤3,,,10:41,19:41,11:00,19:40,07'40,01'00,,,,,,,,,07'40,,,,,,,,,,,,,,,00'19,00'01,,,,,,,,,,,,,,,,,,,日勤3,,,,,102,,,,11:00,19:40,01'00,,,,,,,,,,,,,,0,0,0,740,0,0,0,0,0,19,1,0,0,0,740,100,0,0,,,,,1041,1941,1100,1940
0001875,2875,10000,5750,575000,S,,,,,,,202512,20251229,月,,,■,,,,,,,,,,,,,,,,,,,,,,,,,,,,,,,,,,,,,,,,,,,,,,,,,,,,,,,,,,,,,102,,,,,,,,,,,,,,,,,,,,0,0,0,0,0,0,0,0,0,0,0,0,0,0,0,0,0,0,,,,,0,0,0,0
0001875,2875,10000,5750,575000,S,,,,,,,202512,20251230,火,,,■,,特休,,-,,,,,,,,,,,,,,,,,,,,,,,,,,,,,,,,,,,,,,,,,,,,,,,,,,,,,,,,,102,,,,0:00,48:00:00,,,,,,,,,,,,,,,0,0,0,0,0,0,0,0,0,0,0,0,0,0,0,0,0,0,,,,,0,0,0,0
0001875,2875,10000,5750,575000,S,,,,,,,202512,20251230,火,,,■,,特休,,,,,,,,,,,,,,,,,,,,,,,,,,,,,,,,,,,,,,,,,,,,,,,,,,,,,,,,,,,102,,,,,,,,,,,,,,,,,,,,0,0,0,0,0,0,0,0,0,0,0,0,0,0,0,0,0,0,,,,,0,0,0,0
0001875,2875,10000,5750,575000,S,,,,,,,202512,20251231,水,平日,,■,,,,日勤3,,,10:41,19:40,11:00,19:40,07'40,01'00,,,,,,,,,07'40,,,,,,,,,,,,,,,00'19,,,,,,,,,,,,,,,,,,,,日勤3,,,,,102,,,,11:00,19:40,01'00,,,,,,,,,,,,,,0,0,0,740,0,0,0,0,0,19,0,0,0,0,740,100,0,0,,,,,1041,1940,1100,1940
0001875,2875,10000,5750,575000,S,,,,,,,202512,20251231,水,平日,,■,,,,,,,,,,,,,,,,,,,,,,,,,,,,,,,,,,,,,,,,,,,,,,,,,,,,,,,,,,,,,102,,,,,,,,,,,,,,,,,,,,0,0,0,0,0,0,0,0,0,0,0,0,0,0,0,0,0,0,,,,,0,0,0,0
0001944,2944,10000,5888,588800,S,,,,,,,202511,20251101,土,特休,,■,,,非番,非番,,,,,,,,,,,,,,,,,,,,,,,,,,,,,,,,,,,,,,,,,,,,,,,,,,,,,,,,,104,,,,9:00,17:40,08'40,,,,,,,,,,,,,,0,0,0,0,0,0,0,0,0,0,0,0,0,0,0,0,0,0,,,,,0,0,0,0
0001944,2944,10000,5888,588800,S,,,,,,,202511,20251101,土,特休,,■,,,,,,,,,,,,,,,,,,,,,,,,,,,,,,,,,,,,,,,,,,,,,,,,,,,,,,,,,,,,,104,,,,,,,,,,,,,,,,,,,,0,0,0,0,0,0,0,0,0,0,0,0,0,0,0,0,0,0,,,,,0,0,0,0
0001944,2944,10000,5888,588800,S,,,,,,,202511,20251102,日,公休,,■,,公休,,-,,,,,,,,,,,,,,,,,,,,,,,,,,,,,,,,,,,,,,,,,,,,,,,,,,,,,,,,,104,,,,0:00,48:00:00,,,,,,,,,,,,,,,0,0,0,0,0,0,0,0,0,0,0,0,0,0,0,0,0,0,,,,,0,0,0,0
0001944,2944,10000,5888,588800,S,,,,,,,202511,20251102,日,公休,,■,,公休,,,,,,,,,,,,,,,,,,,,,,,,,,,,,,,,,,,,,,,,,,,,,,,,,,,,,,,,,,,104,,,,,,,,,,,,,,,,,,,,0,0,0,0,0,0,0,0,0,0,0,0,0,0,0,0,0,0,,,,,0,0,0,0
0001944,2944,10000,5888,588800,S,,,,,,,202511,20251103,月,平日,,■,,,,,,,,,,,,,,,,,,,,,,,,,,,,,,,,,,,,,,,,,,,,,,,,,,,,,,,,,,,,,104,,,,,,,,,,,,,,,,,,,,0,0,0,0,0,0,0,0,0,0,0,0,0,0,0,0,0,0,,,,,0,0,0,0
0001944,2944,10000,5888,588800,S,,,,,,,202511,20251103,月,平日,,■,,,,徹主,,,8:05,9:00,8:30,33:00:00,15'20,09'10,,,,,,,,,15'20,02'50,,,,,,,,,,,,,,00'25,,,,,,,,,,,,,,,,,,,,徹主,,,,,104,,,,8:30,33:00:00,09'10,,,,,,,,,,,,,,0,0,0,1520,250,0,250,0,0,25,0,0,0,0,1520,910,0,0,,,,,805,900,830,3300
0001944,2944,10000,5888,588800,S,,,,,,,202511,20251104,火,,,■,,,非番,非番,,,,,,,,,,,,,,,,,,,,,,,,,,,,,,,,,,,,,,,,,,,,,,,,,,,,,,,,,104,,,,9:00,17:40,08'40,,,,,,,,,,,,,,0,0,0,0,0,0,0,0,0,0,0,0,0,0,0,0,0,0,,,,,0,0,0,0
0001944,2944,10000,5888,588800,S,,,,,,,202511,20251104,火,,,■,,,,,,,,,,,,,,,,,,,,,,,,,,,,,,,,,,,,,,,,,,,,,,,,,,,,,,,,,,,,,104,,,,,,,,,,,,,,,,,,,,0,0,0,0,0,0,0,0,0,0,0,0,0,0,0,0,0,0,,,,,0,0,0,0
0001944,2944,10000,5888,588800,S,,,,,,,202511,20251105,水,,,■,,特休,,-,,,,,,,,,,,,,,,,,,,,,,,,,,,,,,,,,,,,,,,,,,,,,,,,,,,,,,,,,104,,,,0:00,48:00:00,,,,,,,,,,,,,,,0,0,0,0,0,0,0,0,0,0,0,0,0,0,0,0,0,0,,,,,0,0,0,0
0001944,2944,10000,5888,588800,S,,,,,,,202511,20251105,水,,,■,,特休,,,,,,,,,,,,,,,,,,,,,,,,,,,,,,,,,,,,,,,,,,,,,,,,,,,,,,,,,,,104,,,,,,,,,,,,,,,,,,,,0,0,0,0,0,0,0,0,0,0,0,0,0,0,0,0,0,0,,,,,0,0,0,0
0001944,2944,10000,5888,588800,S,,,,,,,202511,20251106,木,,,■,,,,,,,,,,,,,,,,,,,,,,,,,,,,,,,,,,,,,,,,,,,,,,,,,,,,,,,,,,,,,104,,,,,,,,,,,,,,,,,,,,0,0,0,0,0,0,0,0,0,0,0,0,0,0,0,0,0,0,,,,,0,0,0,0
0001944,2944,10000,5888,588800,S,,,,,,,202511,20251106,木,,,■,,,,徹主,,,8:09,9:04,8:30,33:00:00,15'20,09'10,,,,,,,,,15'20,02'50,,,,,,,,,,,,,,00'21,00'04,,,,,,,,,,,,,,,,,,,徹主,,,,,104,,,,8:30,33:00:00,09'10,,,,,,,,,,,,,,0,0,0,1520,250,0,250,0,0,21,4,0,0,0,1520,910,0,0,,,,,809,904,830,3300
0001944,2944,10000,5888,588800,S,,,,,,,202511,20251107,金,,,■,,,非番,非番,,,,,,,,,,,,,,,,,,,,,,,,,,,,,,,,,,,,,,,,,,,,,,,,,,,,,,,,,104,,,,9:00,17:40,08'40,,,,,,,,,,,,,,0,0,0,0,0,0,0,0,0,0,0,0,0,0,0,0,0,0,,,,,0,0,0,0
0001944,2944,10000,5888,588800,S,,,,,,,202511,20251107,金,,,■,,,,,,,,,,,,,,,,,,,,,,,,,,,,,,,,,,,,,,,,,,,,,,,,,,,,,,,,,,,,,104,,,,,,,,,,,,,,,,,,,,0,0,0,0,0,0,0,0,0,0,0,0,0,0,0,0,0,0,,,,,0,0,0,0
0001944,2944,10000,5888,588800,S,,,,,,,202511,20251108,土,特休,,■,,公休,,-,,,,,,,,,,,,,,,,,,,,,,,,,,,,,,,,,,,,,,,,,,,,,,,,,,,,,,,,,104,,,,0:00,48:00:00,,,,,,,,,,,,,,,0,0,0,0,0,0,0,0,0,0,0,0,0,0,0,0,0,0,,,,,0,0,0,0
0001944,2944,10000,5888,588800,S,,,,,,,202511,20251108,土,特休,,■,,公休,,,,,,,,,,,,,,,,,,,,,,,,,,,,,,,,,,,,,,,,,,,,,,,,,,,,,,,,,,,104,,,,,,,,,,,,,,,,,,,,0,0,0,0,0,0,0,0,0,0,0,0,0,0,0,0,0,0,,,,,0,0,0,0
0001944,2944,10000,5888,588800,S,,,,,,,202511,20251109,日,公休,,■,,特休,,-,,,,,,,,,,,,,,,,,,,,,,,,,,,,,,,,,,,,,,,,,,,,,,,,,,,,,,,,,104,,,,0:00,48:00:00,,,,,,,,,,,,,,,0,0,0,0,0,0,0,0,0,0,0,0,0,0,0,0,0,0,,,,,0,0,0,0
0001944,2944,10000,5888,588800,S,,,,,,,202511,20251109,日,公休,,■,,特休,,,,,,,,,,,,,,,,,,,,,,,,,,,,,,,,,,,,,,,,,,,,,,,,,,,,,,,,,,,104,,,,,,,,,,,,,,,,,,,,0,0,0,0,0,0,0,0,0,0,0,0,0,0,0,0,0,0,,,,,0,0,0,0
0001944,2944,10000,5888,588800,S,,,,,,,202511,20251110,月,,,■,,,,,,,,,,,,,,,,,,,,,,,,,,,,,,,,,,,,,,,,,,,,,,,,,,,,,,,,,,,,,104,,,,,,,,,,,,,,,,,,,,0,0,0,0,0,0,0,0,0,0,0,0,0,0,0,0,0,0,,,,,0,0,0,0
0001944,2944,10000,5888,588800,S,,,,,,,202511,20251110,月,,,■,,,,徹主,,,8:05,9:00,8:30,33:00:00,15'20,09'10,,,,,,,,,15'20,02'50,,,,,,,,,,,,,,00'25,,,,,,,,,,,,,,,,,,,,徹主,,,,,104,,,,8:30,33:00:00,09'10,,,,,,,,,,,,,,0,0,0,1520,250,0,250,0,0,25,0,0,0,0,1520,910,0,0,,,,,805,900,830,3300
0001944,2944,10000,5888,588800,S,,,,,,,202511,20251111,火,,,■,,,非番,非番,,,,,,,,,,,,,,,,,,,,,,,,,,,,,,,,,,,,,,,,,,,,,,,,,,,,,,,,,104,,,,9:00,17:40,08'40,,,,,,,,,,,,,,0,0,0,0,0,0,0,0,0,0,0,0,0,0,0,0,0,0,,,,,0,0,0,0
0001944,2944,10000,5888,588800,S,,,,,,,202511,20251111,火,,,■,,,,,,,,,,,,,,,,,,,,,,,,,,,,,,,,,,,,,,,,,,,,,,,,,,,,,,,,,,,,,104,,,,,,,,,,,,,,,,,,,,0,0,0,0,0,0,0,0,0,0,0,0,0,0,0,0,0,0,,,,,0,0,0,0
0001944,2944,10000,5888,588800,S,,,,,,,202511,20251112,水,,,■,,公休,,-,,,,,,,,,,,,,,,,,,,,,,,,,,,,,,,,,,,,,,,,,,,,,,,,,,,,,,,,,104,,,,0:00,48:00:00,,,,,,,,,,,,,,,0,0,0,0,0,0,0,0,0,0,0,0,0,0,0,0,0,0,,,,,0,0,0,0
0001944,2944,10000,5888,588800,S,,,,,,,202511,20251112,水,,,■,,公休,,,,,,,,,,,,,,,,,,,,,,,,,,,,,,,,,,,,,,,,,,,,,,,,,,,,,,,,,,,104,,,,,,,,,,,,,,,,,,,,0,0,0,0,0,0,0,0,0,0,0,0,0,0,0,0,0,0,,,,,0,0,0,0
0001944,2944,10000,5888,588800,S,,,,,,,202511,20251113,木,,,■,,,,,,,,,,,,,,,,,,,,,,,,,,,,,,,,,,,,,,,,,,,,,,,,,,,,,,,,,,,,,104,,,,,,,,,,,,,,,,,,,,0,0,0,0,0,0,0,0,0,0,0,0,0,0,0,0,0,0,,,,,0,0,0,0
0001944,2944,10000,5888,588800,S,,,,,,,202511,20251113,木,,,■,,,,徹主,,,8:08,9:00,8:30,33:00:00,15'20,09'10,,,,,,,,,15'20,02'50,,,,,,,,,,,,,,00'22,,,,,,,,,,,,,,,,,,,,徹主,,,,,104,,,,8:30,33:00:00,09'10,,,,,,,,,,,,,,0,0,0,1520,250,0,250,0,0,22,0,0,0,0,1520,910,0,0,,,,,808,900,830,3300
0001944,2944,10000,5888,588800,S,,,,,,,202511,20251114,金,,,■,,,非番,非番,,,,,,,,,,,,,,,,,,,,,,,,,,,,,,,,,,,,,,,,,,,,,,,,,,,,,,,,,104,,,,9:00,17:40,08'40,,,,,,,,,,,,,,0,0,0,0,0,0,0,0,0,0,0,0,0,0,0,0,0,0,,,,,0,0,0,0
0001944,2944,10000,5888,588800,S,,,,,,,202511,20251114,金,,,■,,,,,,,,,,,,,,,,,,,,,,,,,,,,,,,,,,,,,,,,,,,,,,,,,,,,,,,,,,,,,104,,,,,,,,,,,,,,,,,,,,0,0,0,0,0,0,0,0,0,0,0,0,0,0,0,0,0,0,,,,,0,0,0,0
0001944,2944,10000,5888,588800,S,,,,,,,202511,20251115,土,特休,,■,,,,,,,,,,,,,,,,,,,,,,,,,,,,,,,,,,,,,,,,,,,,,,,,,,,,,,,,,,,,,104,,,,,,,,,,,,,,,,,,,,0,0,0,0,0,0,0,0,0,0,0,0,0,0,0,0,0,0,,,,,0,0,0,0
0001944,2944,10000,5888,588800,S,,,,,,,202511,20251115,土,特休,,■,,,,徹主,,,8:05,9:00,8:30,33:00:00,15'20,09'10,,,,,,,,,15'20,02'50,,,,,,,,,,,,,,00'25,,,,,,,,,,,,,,,,,,,,徹主,,,,,104,,,,8:30,33:00:00,09'10,,,,,,,,,,,,,,0,0,0,1520,250,0,250,0,0,25,0,0,0,0,1520,910,0,0,,,,,805,900,830,3300
0001944,2944,10000,5888,588800,S,,,,,,,202511,20251116,日,公休,,■,,,非番,非番,,,,,,,,,,,,,,,,,,,,,,,,,,,,,,,,,,,,,,,,,,,,,,,,,,,,,,,,,104,,,,9:00,17:40,08'40,,,,,,,,,,,,,,0,0,0,0,0,0,0,0,0,0,0,0,0,0,0,0,0,0,,,,,0,0,0,0
0001944,2944,10000,5888,588800,S,,,,,,,202511,20251116,日,公休,,■,,,,,,,,,,,,,,,,,,,,,,,,,,,,,,,,,,,,,,,,,,,,,,,,,,,,,,,,,,,,,104,,,,,,,,,,,,,,,,,,,,0,0,0,0,0,0,0,0,0,0,0,0,0,0,0,0,0,0,,,,,0,0,0,0
0001944,2944,10000,5888,588800,S,,,,,,,202511,20251117,月,,,■,,特休,,-,,,,,,,,,,,,,,,,,,,,,,,,,,,,,,,,,,,,,,,,,,,,,,,,,,,,,,,,,104,,,,0:00,48:00:00,,,,,,,,,,,,,,,0,0,0,0,0,0,0,0,0,0,0,0,0,0,0,0,0,0,,,,,0,0,0,0
0001944,2944,10000,5888,588800,S,,,,,,,202511,20251117,月,,,■,,特休,,,,,,,,,,,,,,,,,,,,,,,,,,,,,,,,,,,,,,,,,,,,,,,,,,,,,,,,,,,104,,,,,,,,,,,,,,,,,,,,0,0,0,0,0,0,0,0,0,0,0,0,0,0,0,0,0,0,,,,,0,0,0,0
0001944,2944,10000,5888,588800,S,,,,,,,202511,20251118,火,,,■,,,,,,,,,,,,,,,,,,,,,,,,,,,,,,,,,,,,,,,,,,,,,,,,,,,,,,,,,,,,,104,,,,,,,,,,,,,,,,,,,,0,0,0,0,0,0,0,0,0,0,0,0,0,0,0,0,0,0,,,,,0,0,0,0
0001944,2944,10000,5888,588800,S,,,,,,,202511,20251118,火,,,■,,,,徹主,,,8:08,9:00,8:30,33:00:00,15'20,09'10,,,,,,,,,15'20,02'50,,,,,,,,,,,,,,00'22,,,,,,,,,,,,,,,,,,,,徹主,,,,,104,,,,8:30,33:00:00,09'10,,,,,,,,,,,,,,0,0,0,1520,250,0,250,0,0,22,0,0,0,0,1520,910,0,0,,,,,808,900,830,3300
0001944,2944,10000,5888,588800,S,,,,,,,202511,20251119,水,,,■,,,非番,非番,,,,,,,,,,,,,,,,,,,,,,,,,,,,,,,,,,,,,,,,,,,,,,,,,,,,,,,,,104,,,,9:00,17:40,08'40,,,,,,,,,,,,,,0,0,0,0,0,0,0,0,0,0,0,0,0,0,0,0,0,0,,,,,0,0,0,0
0001944,2944,10000,5888,588800,S,,,,,,,202511,20251119,水,,,■,,,,,,,,,,,,,,,,,,,,,,,,,,,,,,,,,,,,,,,,,,,,,,,,,,,,,,,,,,,,,104,,,,,,,,,,,,,,,,,,,,0,0,0,0,0,0,0,0,0,0,0,0,0,0,0,0,0,0,,,,,0,0,0,0
0001944,2944,10000,5888,588800,S,,,,,,,202511,20251120,木,,,■,,公休,,-,,,,,,,,,,,,,,,,,,,,,,,,,,,,,,,,,,,,,,,,,,,,,,,,,,,,,,,,,104,,,,0:00,48:00:00,,,,,,,,,,,,,,,0,0,0,0,0,0,0,0,0,0,0,0,0,0,0,0,0,0,,,,,0,0,0,0
0001944,2944,10000,5888,588800,S,,,,,,,202511,20251120,木,,,■,,公休,,,,,,,,,,,,,,,,,,,,,,,,,,,,,,,,,,,,,,,,,,,,,,,,,,,,,,,,,,,104,,,,,,,,,,,,,,,,,,,,0,0,0,0,0,0,0,0,0,0,0,0,0,0,0,0,0,0,,,,,0,0,0,0
0001944,2944,10000,5888,588800,S,,,,,,,202511,20251121,金,,,■,,,,,,,,,,,,,,,,,,,,,,,,,,,,,,,,,,,,,,,,,,,,,,,,,,,,,,,,,,,,,104,,,,,,,,,,,,,,,,,,,,0,0,0,0,0,0,0,0,0,0,0,0,0,0,0,0,0,0,,,,,0,0,0,0
0001944,2944,10000,5888,588800,S,,,,,,,202511,20251121,金,,,■,,,,徹主,,,8:05,9:00,8:30,33:00:00,15'20,09'10,,,,,,,,,15'20,02'50,,,,,,,,,,,,,,00'25,,,,,,,,,,,,,,,,,,,,徹主,,,,,104,,,,8:30,33:00:00,09'10,,,,,,,,,,,,,,0,0,0,1520,250,0,250,0,0,25,0,0,0,0,1520,910,0,0,,,,,805,900,830,3300
0001944,2944,10000,5888,588800,S,,,,,,,202511,20251122,土,特休,,■,,,非番,非番,,,,,,,,,,,,,,,,,,,,,,,,,,,,,,,,,,,,,,,,,,,,,,,,,,,,,,,,,104,,,,9:00,17:40,08'40,,,,,,,,,,,,,,0,0,0,0,0,0,0,0,0,0,0,0,0,0,0,0,0,0,,,,,0,0,0,0
0001944,2944,10000,5888,588800,S,,,,,,,202511,20251122,土,特休,,■,,,,,,,,,,,,,,,,,,,,,,,,,,,,,,,,,,,,,,,,,,,,,,,,,,,,,,,,,,,,,104,,,,,,,,,,,,,,,,,,,,0,0,0,0,0,0,0,0,0,0,0,0,0,0,0,0,0,0,,,,,0,0,0,0
0001944,2944,10000,5888,588800,S,,,,,,,202511,20251123,日,公休,,■,,,,,,,,,,,,,,,,,,,,,,,,,,,,,,,,,,,,,,,,,,,,,,,,,,,,,,,,,,,,,104,,,,,,,,,,,,,,,,,,,,0,0,0,0,0,0,0,0,0,0,0,0,0,0,0,0,0,0,,,,,0,0,0,0
0001944,2944,10000,5888,588800,S,,,,,,,202511,20251123,日,公休,,■,,,,徹主,,,8:11,9:01,8:30,33:00:00,15'20,09'10,,,,,,,,,15'20,02'50,,,,,,,,,,,,,,00'19,00'01,,,,,,,,,,,,,,,,,,,徹主,,,,,104,,,,8:30,33:00:00,09'10,,,,,,,,,,,,,,0,0,0,1520,250,0,250,0,0,19,1,0,0,0,1520,910,0,0,,,,,811,901,830,3300
0001944,2944,10000,5888,588800,S,,,,,,,202511,20251124,月,平日,,■,,,非番,非番,,,,,,,,,,,,,,,,,,,,,,,,,,,,,,,,,,,,,,,,,,,,,,,,,,,,,,,,,104,,,,9:00,17:40,08'40,,,,,,,,,,,,,,0,0,0,0,0,0,0,0,0,0,0,0,0,0,0,0,0,0,,,,,0,0,0,0
0001944,2944,10000,5888,588800,S,,,,,,,202511,20251124,月,平日,,■,,,,,,,,,,,,,,,,,,,,,,,,,,,,,,,,,,,,,,,,,,,,,,,,,,,,,,,,,,,,,104,,,,,,,,,,,,,,,,,,,,0,0,0,0,0,0,0,0,0,0,0,0,0,0,0,0,0,0,,,,,0,0,0,0
0001944,2944,10000,5888,588800,S,,,,,,,202511,20251125,火,,,■,,特休,,-,,,,,,,,,,,,,,,,,,,,,,,,,,,,,,,,,,,,,,,,,,,,,,,,,,,,,,,,,104,,,,0:00,48:00:00,,,,,,,,,,,,,,,0,0,0,0,0,0,0,0,0,0,0,0,0,0,0,0,0,0,,,,,0,0,0,0
0001944,2944,10000,5888,588800,S,,,,,,,202511,20251125,火,,,■,,特休,,,,,,,,,,,,,,,,,,,,,,,,,,,,,,,,,,,,,,,,,,,,,,,,,,,,,,,,,,,104,,,,,,,,,,,,,,,,,,,,0,0,0,0,0,0,0,0,0,0,0,0,0,0,0,0,0,0,,,,,0,0,0,0
0001944,2944,10000,5888,588800,S,,,,,,,202511,20251126,水,,,■,,,,,,,,,,,,,,,,,,,,,,,,,,,,,,,,,,,,,,,,,,,,,,,,,,,,,,,,,,,,,104,,,,,,,,,,,,,,,,,,,,0,0,0,0,0,0,0,0,0,0,0,0,0,0,0,0,0,0,,,,,0,0,0,0
0001944,2944,10000,5888,588800,S,,,,,,,202511,20251126,水,,,■,,,,徹主,,,8:09,9:00,8:30,33:00:00,15'20,09'10,,,,,,,,,15'20,02'50,,,,,,,,,,,,,,00'21,,,,,,,,,,,,,,,,,,,,徹主,,,,,104,,,,8:30,33:00:00,09'10,,,,,,,,,,,,,,0,0,0,1520,250,0,250,0,0,21,0,0,0,0,1520,910,0,0,,,,,809,900,830,3300
0001944,2944,10000,5888,588800,S,,,,,,,202511,20251127,木,,,■,,,非番,非番,,,,,,,,,,,,,,,,,,,,,,,,,,,,,,,,,,,,,,,,,,,,,,,,,,,,,,,,,104,,,,9:00,17:40,08'40,,,,,,,,,,,,,,0,0,0,0,0,0,0,0,0,0,0,0,0,0,0,0,0,0,,,,,0,0,0,0
0001944,2944,10000,5888,588800,S,,,,,,,202511,20251127,木,,,■,,,,,,,,,,,,,,,,,,,,,,,,,,,,,,,,,,,,,,,,,,,,,,,,,,,,,,,,,,,,,104,,,,,,,,,,,,,,,,,,,,0,0,0,0,0,0,0,0,0,0,0,0,0,0,0,0,0,0,,,,,0,0,0,0
0001944,2944,10000,5888,588800,S,,,,,,,202511,20251128,金,,,■,,公休,,-,,,,,,,,,,,,,,,,,,,,,,,,,,,,,,,,,,,,,,,,,,,,,,,,,,,,,,,,,104,,,,0:00,48:00:00,,,,,,,,,,,,,,,0,0,0,0,0,0,0,0,0,0,0,0,0,0,0,0,0,0,,,,,0,0,0,0
0001944,2944,10000,5888,588800,S,,,,,,,202511,20251128,金,,,■,,公休,,,,,,,,,,,,,,,,,,,,,,,,,,,,,,,,,,,,,,,,,,,,,,,,,,,,,,,,,,,104,,,,,,,,,,,,,,,,,,,,0,0,0,0,0,0,0,0,0,0,0,0,0,0,0,0,0,0,,,,,0,0,0,0
0001944,2944,10000,5888,588800,S,,,,,,,202511,20251129,土,特休,,■,,,,,,,,,,,,,,,,,,,,,,,,,,,,,,,,,,,,,,,,,,,,,,,,,,,,,,,,,,,,,104,,,,,,,,,,,,,,,,,,,,0,0,0,0,0,0,0,0,0,0,0,0,0,0,0,0,0,0,,,,,0,0,0,0
0001944,2944,10000,5888,588800,S,,,,,,,202511,20251129,土,特休,,■,,,,徹主,,,8:07,9:03,8:30,33:00:00,15'20,09'10,,,,,,,,,15'20,02'50,,,,,,,,,,,,,,00'23,00'03,,,,,,,,,,,,,,,,,,,徹主,,,,,104,,,,8:30,33:00:00,09'10,,,,,,,,,,,,,,0,0,0,1520,250,0,250,0,0,23,3,0,0,0,1520,910,0,0,,,,,807,903,830,3300
0001944,2944,10000,5888,588800,S,,,,,,,202511,20251130,日,公休,,■,,,非番,非番,,,,,,,,,,,,,,,,,,,,,,,,,,,,,,,,,,,,,,,,,,,,,,,,,,,,,,,,,104,,,,9:00,17:40,08'40,,,,,,,,,,,,,,0,0,0,0,0,0,0,0,0,0,0,0,0,0,0,0,0,0,,,,,0,0,0,0
0001944,2944,10000,5888,588800,S,,,,,,,202511,20251130,日,公休,,■,,,,,,,,,,,,,,,,,,,,,,,,,,,,,,,,,,,,,,,,,,,,,,,,,,,,,,,,,,,,,104,,,,,,,,,,,,,,,,,,,,0,0,0,0,0,0,0,0,0,0,0,0,0,0,0,0,0,0,,,,,0,0,0,0
0001944,2944,10000,5888,588800,S,,,,,,,202512,20251201,月,,,■,,特休,,-,,,,,,,,,,,,,,,,,,,,,,,,,,,,,,,,,,,,,,,,,,,,,,,,,,,,,,,,,104,,,,0:00,48:00:00,,,,,,,,,,,,,,,0,0,0,0,0,0,0,0,0,0,0,0,0,0,0,0,0,0,,,,,0,0,0,0
0001944,2944,10000,5888,588800,S,,,,,,,202512,20251201,月,,,■,,特休,,,,,,,,,,,,,,,,,,,,,,,,,,,,,,,,,,,,,,,,,,,,,,,,,,,,,,,,,,,104,,,,,,,,,,,,,,,,,,,,0,0,0,0,0,0,0,0,0,0,0,0,0,0,0,0,0,0,,,,,0,0,0,0
0001944,2944,10000,5888,588800,S,,,,,,,202512,20251202,火,,,■,,,,,,,,,,,,,,,,,,,,,,,,,,,,,,,,,,,,,,,,,,,,,,,,,,,,,,,,,,,,,104,,,,,,,,,,,,,,,,,,,,0,0,0,0,0,0,0,0,0,0,0,0,0,0,0,0,0,0,,,,,0,0,0,0
0001944,2944,10000,5888,588800,S,,,,,,,202512,20251202,火,,,■,,,,徹主,,,8:06,9:00,8:30,33:00:00,15'20,09'10,,,,,,,,,15'20,02'50,,,,,,,,,,,,,,00'24,,,,,,,,,,,,,,,,,,,,徹主,,,,,104,,,,8:30,33:00:00,09'10,,,,,,,,,,,,,,0,0,0,1520,250,0,250,0,0,24,0,0,0,0,1520,910,0,0,,,,,806,900,830,3300
0001944,2944,10000,5888,588800,S,,,,,,,202512,20251203,水,,,■,,,非番,非番,,,,,,,,,,,,,,,,,,,,,,,,,,,,,,,,,,,,,,,,,,,,,,,,,,,,,,,,,104,,,,9:00,17:40,08'40,,,,,,,,,,,,,,0,0,0,0,0,0,0,0,0,0,0,0,0,0,0,0,0,0,,,,,0,0,0,0
0001944,2944,10000,5888,588800,S,,,,,,,202512,20251203,水,,,■,,,,,,,,,,,,,,,,,,,,,,,,,,,,,,,,,,,,,,,,,,,,,,,,,,,,,,,,,,,,,104,,,,,,,,,,,,,,,,,,,,0,0,0,0,0,0,0,0,0,0,0,0,0,0,0,0,0,0,,,,,0,0,0,0
0001944,2944,10000,5888,588800,S,,,,,,,202512,20251204,木,,,■,,,年休,日勤7H40,,,,,,,,,,,,,,,,,,,,,,,,,,,,,,07'40,,,,,,,,,,,,,,,,,,,,,私用のため,,,,,,104,,,,9:00,17:40,01'00,,,,,,,,,,,,,,0,0,0,0,0,0,0,0,0,0,0,740,0,0,0,0,0,0,,,,,0,0,0,0
0001944,2944,10000,5888,588800,S,,,,,,,202512,20251204,木,,,■,,,,,,,,,,,,,,,,,,,,,,,,,,,,,,,,,,,,,,,,,,,,,,,,,,,,,,,,,,,,,104,,,,,,,,,,,,,,,,,,,,0,0,0,0,0,0,0,0,0,0,0,0,0,0,0,0,0,0,,,,,0,0,0,0
0001944,2944,10000,5888,588800,S,,,,,,,202512,20251205,金,,●,■,,,年休,日勤7H40,,,,,,,,,,,,,,,,,,,,,,,,,,,,,,07'40,,,,,,,,,,,,,,,,,,,,,私用のため,,,,,,104,,,,9:00,17:40,01'00,,,,,,,,,,,,,,0,0,0,0,0,0,0,0,0,0,0,740,0,0,0,0,0,0,,,,,0,0,0,0
0001944,2944,10000,5888,588800,S,,,,,,,202512,20251205,金,,,■,,,,,,,,,,,,,,,,,,,,,,,,,,,,,,,,,,,,,,,,,,,,,,,,,,,,,,,,,,,,,104,,,,,,,,,,,,,,,,,,,,0,0,0,0,0,0,0,0,0,0,0,0,0,0,0,0,0,0,,,,,0,0,0,0
0001944,2944,10000,5888,588800,S,,,,,,,202512,20251206,土,特休,,■,,,,,,,,,,,,,,,,,,,,,,,,,,,,,,,,,,,,,,,,,,,,,,,,,,,,,,,,,,,,,104,,,,,,,,,,,,,,,,,,,,0,0,0,0,0,0,0,0,0,0,0,0,0,0,0,0,0,0,,,,,0,0,0,0
0001944,2944,10000,5888,588800,S,,,,,,,202512,20251206,土,特休,,■,,,,徹主,,,8:06,9:00,8:30,33:00:00,15'20,09'10,,,,,,,,,15'20,02'50,,,,,,,,,,,,,,00'24,,,,,,,,,,,,,,,,,,,,徹主,,,,,104,,,,8:30,33:00:00,09'10,,,,,,,,,,,,,,0,0,0,1520,250,0,250,0,0,24,0,0,0,0,1520,910,0,0,,,,,806,900,830,3300
0001944,2944,10000,5888,588800,S,,,,,,,202512,20251207,日,公休,,■,,,非番,非番,,,,,,,,,,,,,,,,,,,,,,,,,,,,,,,,,,,,,,,,,,,,,,,,,,,,,,,,,104,,,,9:00,17:40,08'40,,,,,,,,,,,,,,0,0,0,0,0,0,0,0,0,0,0,0,0,0,0,0,0,0,,,,,0,0,0,0
0001944,2944,10000,5888,588800,S,,,,,,,202512,20251207,日,公休,,■,,,,,,,,,,,,,,,,,,,,,,,,,,,,,,,,,,,,,,,,,,,,,,,,,,,,,,,,,,,,,104,,,,,,,,,,,,,,,,,,,,0,0,0,0,0,0,0,0,0,0,0,0,0,0,0,0,0,0,,,,,0,0,0,0
0001944,2944,10000,5888,588800,S,,,,,,,202512,20251208,月,,,■,,公休,,-,,,,,,,,,,,,,,,,,,,,,,,,,,,,,,,,,,,,,,,,,,,,,,,,,,,,,,,,,104,,,,0:00,48:00:00,,,,,,,,,,,,,,,0,0,0,0,0,0,0,0,0,0,0,0,0,0,0,0,0,0,,,,,0,0,0,0
0001944,2944,10000,5888,588800,S,,,,,,,202512,20251208,月,,,■,,公休,,,,,,,,,,,,,,,,,,,,,,,,,,,,,,,,,,,,,,,,,,,,,,,,,,,,,,,,,,,104,,,,,,,,,,,,,,,,,,,,0,0,0,0,0,0,0,0,0,0,0,0,0,0,0,0,0,0,,,,,0,0,0,0
0001944,2944,10000,5888,588800,S,,,,,,,202512,20251209,火,,,■,,特休,,-,,,,,,,,,,,,,,,,,,,,,,,,,,,,,,,,,,,,,,,,,,,,,,,,,,,,,,,,,104,,,,0:00,48:00:00,,,,,,,,,,,,,,,0,0,0,0,0,0,0,0,0,0,0,0,0,0,0,0,0,0,,,,,0,0,0,0
0001944,2944,10000,5888,588800,S,,,,,,,202512,20251209,火,,,■,,特休,,,,,,,,,,,,,,,,,,,,,,,,,,,,,,,,,,,,,,,,,,,,,,,,,,,,,,,,,,,104,,,,,,,,,,,,,,,,,,,,0,0,0,0,0,0,0,0,0,0,0,0,0,0,0,0,0,0,,,,,0,0,0,0
0001944,2944,10000,5888,588800,S,,,,,,,202512,20251210,水,,,■,,,,,,,,,,,,,,,,,,,,,,,,,,,,,,,,,,,,,,,,,,,,,,,,,,,,,,,,,,,,,104,,,,,,,,,,,,,,,,,,,,0,0,0,0,0,0,0,0,0,0,0,0,0,0,0,0,0,0,,,,,0,0,0,0
0001944,2944,10000,5888,588800,S,,,,,,,202512,20251210,水,,,■,,,,徹主,,,8:10,9:00,8:30,33:00:00,15'20,09'10,,,,,,,,,15'20,02'50,,,,,,,,,,,,,,00'20,,,,,,,,,,,,,,,,,,,,徹主,,,,,104,,,,8:30,33:00:00,09'10,,,,,,,,,,,,,,0,0,0,1520,250,0,250,0,0,20,0,0,0,0,1520,910,0,0,,,,,810,900,830,3300
0001944,2944,10000,5888,588800,S,,,,,,,202512,20251211,木,,,■,,,非番,非番,,,,,,,,,,,,,,,,,,,,,,,,,,,,,,,,,,,,,,,,,,,,,,,,,,,,,,,,,104,,,,9:00,17:40,08'40,,,,,,,,,,,,,,0,0,0,0,0,0,0,0,0,0,0,0,0,0,0,0,0,0,,,,,0,0,0,0
0001944,2944,10000,5888,588800,S,,,,,,,202512,20251211,木,,,■,,,,,,,,,,,,,,,,,,,,,,,,,,,,,,,,,,,,,,,,,,,,,,,,,,,,,,,,,,,,,104,,,,,,,,,,,,,,,,,,,,0,0,0,0,0,0,0,0,0,0,0,0,0,0,0,0,0,0,,,,,0,0,0,0
0001944,2944,10000,5888,588800,S,,,,,,,202512,20251212,金,,,■,,公休,,-,,,,,,,,,,,,,,,,,,,,,,,,,,,,,,,,,,,,,,,,,,,,,,,,,,,,,,,,,104,,,,0:00,48:00:00,,,,,,,,,,,,,,,0,0,0,0,0,0,0,0,0,0,0,0,0,0,0,0,0,0,,,,,0,0,0,0
0001944,2944,10000,5888,588800,S,,,,,,,202512,20251212,金,,,■,,公休,,,,,,,,,,,,,,,,,,,,,,,,,,,,,,,,,,,,,,,,,,,,,,,,,,,,,,,,,,,104,,,,,,,,,,,,,,,,,,,,0,0,0,0,0,0,0,0,0,0,0,0,0,0,0,0,0,0,,,,,0,0,0,0
0001944,2944,10000,5888,588800,S,,,,,,,202512,20251213,土,特休,,■,,,,,,,,,,,,,,,,,,,,,,,,,,,,,,,,,,,,,,,,,,,,,,,,,,,,,,,,,,,,,104,,,,,,,,,,,,,,,,,,,,0,0,0,0,0,0,0,0,0,0,0,0,0,0,0,0,0,0,,,,,0,0,0,0
0001944,2944,10000,5888,588800,S,,,,,,,202512,20251213,土,特休,,■,,,,徹主,,,8:07,9:02,8:30,33:00:00,15'20,09'10,,,,,,,,,15'20,02'50,,,,,,,,,,,,,,00'23,00'02,,,,,,,,,,,,,,,,,,,徹主,,,,,104,,,,8:30,33:00:00,09'10,,,,,,,,,,,,,,0,0,0,1520,250,0,250,0,0,23,2,0,0,0,1520,910,0,0,,,,,807,902,830,3300
0001944,2944,10000,5888,588800,S,,,,,,,202512,20251214,日,公休,,■,,,非番,非番,,,,,,,,,,,,,,,,,,,,,,,,,,,,,,,,,,,,,,,,,,,,,,,,,,,,,,,,,104,,,,9:00,17:40,08'40,,,,,,,,,,,,,,0,0,0,0,0,0,0,0,0,0,0,0,0,0,0,0,0,0,,,,,0,0,0,0
0001944,2944,10000,5888,588800,S,,,,,,,202512,20251214,日,公休,,■,,,,,,,,,,,,,,,,,,,,,,,,,,,,,,,,,,,,,,,,,,,,,,,,,,,,,,,,,,,,,104,,,,,,,,,,,,,,,,,,,,0,0,0,0,0,0,0,0,0,0,0,0,0,0,0,0,0,0,,,,,0,0,0,0
0001944,2944,10000,5888,588800,S,,,,,,,202512,20251215,月,,,■,,,,,,,,,,,,,,,,,,,,,,,,,,,,,,,,,,,,,,,,,,,,,,,,,,,,,,,,,,,,,104,,,,,,,,,,,,,,,,,,,,0,0,0,0,0,0,0,0,0,0,0,0,0,0,0,0,0,0,,,,,0,0,0,0
0001944,2944,10000,5888,588800,S,,,,,,,202512,20251215,月,,,■,,,,徹主,,,8:07,9:00,8:30,33:00:00,15'20,09'10,,,,,,,,,15'20,02'50,,,,,,,,,,,,,,00'23,,,,,,,,,,,,,,,,,,,,徹主,,,,,104,,,,8:30,33:00:00,09'10,,,,,,,,,,,,,,0,0,0,1520,250,0,250,0,0,23,0,0,0,0,1520,910,0,0,,,,,807,900,830,3300
0001944,2944,10000,5888,588800,S,,,,,,,202512,20251216,火,,,■,,,非番,非番,,,,,,,,,,,,,,,,,,,,,,,,,,,,,,,,,,,,,,,,,,,,,,,,,,,,,,,,,104,,,,9:00,17:40,08'40,,,,,,,,,,,,,,0,0,0,0,0,0,0,0,0,0,0,0,0,0,0,0,0,0,,,,,0,0,0,0
0001944,2944,10000,5888,588800,S,,,,,,,202512,20251216,火,,,■,,,,,,,,,,,,,,,,,,,,,,,,,,,,,,,,,,,,,,,,,,,,,,,,,,,,,,,,,,,,,104,,,,,,,,,,,,,,,,,,,,0,0,0,0,0,0,0,0,0,0,0,0,0,0,0,0,0,0,,,,,0,0,0,0
0001944,2944,10000,5888,588800,S,,,,,,,202512,20251217,水,,,■,,特休,,-,,,,,,,,,,,,,,,,,,,,,,,,,,,,,,,,,,,,,,,,,,,,,,,,,,,,,,,,,104,,,,0:00,48:00:00,,,,,,,,,,,,,,,0,0,0,0,0,0,0,0,0,0,0,0,0,0,0,0,0,0,,,,,0,0,0,0
0001944,2944,10000,5888,588800,S,,,,,,,202512,20251217,水,,,■,,特休,,,,,,,,,,,,,,,,,,,,,,,,,,,,,,,,,,,,,,,,,,,,,,,,,,,,,,,,,,,104,,,,,,,,,,,,,,,,,,,,0,0,0,0,0,0,0,0,0,0,0,0,0,0,0,0,0,0,,,,,0,0,0,0
0001944,2944,10000,5888,588800,S,,,,,,,202512,20251218,木,,,■,,,,,,,,,,,,,,,,,,,,,,,,,,,,,,,,,,,,,,,,,,,,,,,,,,,,,,,,,,,,,104,,,,,,,,,,,,,,,,,,,,0,0,0,0,0,0,0,0,0,0,0,0,0,0,0,0,0,0,,,,,0,0,0,0
0001944,2944,10000,5888,588800,S,,,,,,,202512,20251218,木,,,■,,,,徹主,,,8:06,9:00,8:30,33:00:00,15'20,09'10,,,,,,,,,15'20,02'50,,,,,,,,,,,,,,00'24,,,,,,,,,,,,,,,,,,,,徹主,,,,,104,,,,8:30,33:00:00,09'10,,,,,,,,,,,,,,0,0,0,1520,250,0,250,0,0,24,0,0,0,0,1520,910,0,0,,,,,806,900,830,3300
0001944,2944,10000,5888,588800,S,,,,,,,202512,20251219,金,,,■,,,非番,非番,,,,,,,,,,,,,,,,,,,,,,,,,,,,,,,,,,,,,,,,,,,,,,,,,,,,,,,,,104,,,,9:00,17:40,08'40,,,,,,,,,,,,,,0,0,0,0,0,0,0,0,0,0,0,0,0,0,0,0,0,0,,,,,0,0,0,0
0001944,2944,10000,5888,588800,S,,,,,,,202512,20251219,金,,,■,,,,,,,,,,,,,,,,,,,,,,,,,,,,,,,,,,,,,,,,,,,,,,,,,,,,,,,,,,,,,104,,,,,,,,,,,,,,,,,,,,0,0,0,0,0,0,0,0,0,0,0,0,0,0,0,0,0,0,,,,,0,0,0,0
0001944,2944,10000,5888,588800,S,,,,,,,202512,20251220,土,特休,,■,,公休,,-,,,,,,,,,,,,,,,,,,,,,,,,,,,,,,,,,,,,,,,,,,,,,,,,,,,,,,,,,104,,,,0:00,48:00:00,,,,,,,,,,,,,,,0,0,0,0,0,0,0,0,0,0,0,0,0,0,0,0,0,0,,,,,0,0,0,0
0001944,2944,10000,5888,588800,S,,,,,,,202512,20251220,土,特休,,■,,公休,,,,,,,,,,,,,,,,,,,,,,,,,,,,,,,,,,,,,,,,,,,,,,,,,,,,,,,,,,,104,,,,,,,,,,,,,,,,,,,,0,0,0,0,0,0,0,0,0,0,0,0,0,0,0,0,0,0,,,,,0,0,0,0
0001944,2944,10000,5888,588800,S,,,,,,,202512,20251221,日,公休,,■,,特休,,-,,,,,,,,,,,,,,,,,,,,,,,,,,,,,,,,,,,,,,,,,,,,,,,,,,,,,,,,,104,,,,0:00,48:00:00,,,,,,,,,,,,,,,0,0,0,0,0,0,0,0,0,0,0,0,0,0,0,0,0,0,,,,,0,0,0,0
0001944,2944,10000,5888,588800,S,,,,,,,202512,20251221,日,公休,,■,,特休,,,,,,,,,,,,,,,,,,,,,,,,,,,,,,,,,,,,,,,,,,,,,,,,,,,,,,,,,,,104,,,,,,,,,,,,,,,,,,,,0,0,0,0,0,0,0,0,0,0,0,0,0,0,0,0,0,0,,,,,0,0,0,0
0001944,2944,10000,5888,588800,S,,,,,,,202512,20251222,月,,,■,,,,,,,,,,,,,,,,,,,,,,,,,,,,,,,,,,,,,,,,,,,,,,,,,,,,,,,,,,,,,104,,,,,,,,,,,,,,,,,,,,0,0,0,0,0,0,0,0,0,0,0,0,0,0,0,0,0,0,,,,,0,0,0,0
0001944,2944,10000,5888,588800,S,,,,,,,202512,20251222,月,,,■,,,,徹主,,,8:06,9:00,8:30,33:00:00,15'20,09'10,,,,,,,,,15'20,02'50,,,,,,,,,,,,,,00'24,,,,,,,,,,,,,,,,,,,,徹主,,,,,104,,,,8:30,33:00:00,09'10,,,,,,,,,,,,,,0,0,0,1520,250,0,250,0,0,24,0,0,0,0,1520,910,0,0,,,,,806,900,830,3300
0001944,2944,10000,5888,588800,S,,,,,,,202512,20251223,火,,,■,,,非番,非番,,,,,,,,,,,,,,,,,,,,,,,,,,,,,,,,,,,,,,,,,,,,,,,,,,,,,,,,,104,,,,9:00,17:40,08'40,,,,,,,,,,,,,,0,0,0,0,0,0,0,0,0,0,0,0,0,0,0,0,0,0,,,,,0,0,0,0
0001944,2944,10000,5888,588800,S,,,,,,,202512,20251223,火,,,■,,,,,,,,,,,,,,,,,,,,,,,,,,,,,,,,,,,,,,,,,,,,,,,,,,,,,,,,,,,,,104,,,,,,,,,,,,,,,,,,,,0,0,0,0,0,0,0,0,0,0,0,0,0,0,0,0,0,0,,,,,0,0,0,0
0001944,2944,10000,5888,588800,S,,,,,,,202512,20251224,水,,,■,,公休,,-,,,,,,,,,,,,,,,,,,,,,,,,,,,,,,,,,,,,,,,,,,,,,,,,,,,,,,,,,104,,,,0:00,48:00:00,,,,,,,,,,,,,,,0,0,0,0,0,0,0,0,0,0,0,0,0,0,0,0,0,0,,,,,0,0,0,0
0001944,2944,10000,5888,588800,S,,,,,,,202512,20251224,水,,,■,,公休,,,,,,,,,,,,,,,,,,,,,,,,,,,,,,,,,,,,,,,,,,,,,,,,,,,,,,,,,,,104,,,,,,,,,,,,,,,,,,,,0,0,0,0,0,0,0,0,0,0,0,0,0,0,0,0,0,0,,,,,0,0,0,0
0001944,2944,10000,5888,588800,S,,,,,,,202512,20251225,木,,,■,,,,,,,,,,,,,,,,,,,,,,,,,,,,,,,,,,,,,,,,,,,,,,,,,,,,,,,,,,,,,104,,,,,,,,,,,,,,,,,,,,0,0,0,0,0,0,0,0,0,0,0,0,0,0,0,0,0,0,,,,,0,0,0,0
0001944,2944,10000,5888,588800,S,,,,,,,202512,20251225,木,,,■,,,,徹主,,,8:12,9:00,8:30,33:00:00,15'20,09'10,,,,,,,,,15'20,02'50,,,,,,,,,,,,,,00'18,,,,,,,,,,,,,,,,,,,,徹主,,,,,104,,,,8:30,33:00:00,09'10,,,,,,,,,,,,,,0,0,0,1520,250,0,250,0,0,18,0,0,0,0,1520,910,0,0,,,,,812,900,830,3300
0001944,2944,10000,5888,588800,S,,,,,,,202512,20251226,金,,,■,,,非番,非番,,,,,,,,,,,,,,,,,,,,,,,,,,,,,,,,,,,,,,,,,,,,,,,,,,,,,,,,,104,,,,9:00,17:40,08'40,,,,,,,,,,,,,,0,0,0,0,0,0,0,0,0,0,0,0,0,0,0,0,0,0,,,,,0,0,0,0
0001944,2944,10000,5888,588800,S,,,,,,,202512,20251226,金,,,■,,,,,,,,,,,,,,,,,,,,,,,,,,,,,,,,,,,,,,,,,,,,,,,,,,,,,,,,,,,,,104,,,,,,,,,,,,,,,,,,,,0,0,0,0,0,0,0,0,0,0,0,0,0,0,0,0,0,0,,,,,0,0,0,0
0001944,2944,10000,5888,588800,S,,,,,,,202512,20251227,土,特休,,■,,,,,,,,,,,,,,,,,,,,,,,,,,,,,,,,,,,,,,,,,,,,,,,,,,,,,,,,,,,,,104,,,,,,,,,,,,,,,,,,,,0,0,0,0,0,0,0,0,0,0,0,0,0,0,0,0,0,0,,,,,0,0,0,0
0001944,2944,10000,5888,588800,S,,,,,,,202512,20251227,土,特休,,■,,,,徹主,,,8:07,9:00,8:30,33:00:00,15'20,09'10,,,,,,,,,15'20,02'50,,,,,,,,,,,,,,00'23,,,,,,,,,,,,,,,,,,,,徹主,,,,,104,,,,8:30,33:00:00,09'10,,,,,,,,,,,,,,0,0,0,1520,250,0,250,0,0,23,0,0,0,0,1520,910,0,0,,,,,807,900,830,3300
0001944,2944,10000,5888,588800,S,,,,,,,202512,20251228,日,公休,,■,,,非番,非番,,,,,,,,,,,,,,,,,,,,,,,,,,,,,,,,,,,,,,,,,,,,,,,,,,,,,,,,,104,,,,9:00,17:40,08'40,,,,,,,,,,,,,,0,0,0,0,0,0,0,0,0,0,0,0,0,0,0,0,0,0,,,,,0,0,0,0
0001944,2944,10000,5888,588800,S,,,,,,,202512,20251228,日,公休,,■,,,,,,,,,,,,,,,,,,,,,,,,,,,,,,,,,,,,,,,,,,,,,,,,,,,,,,,,,,,,,104,,,,,,,,,,,,,,,,,,,,0,0,0,0,0,0,0,0,0,0,0,0,0,0,0,0,0,0,,,,,0,0,0,0
0001944,2944,10000,5888,588800,S,,,,,,,202512,20251229,月,,,■,,特休,,-,,,,,,,,,,,,,,,,,,,,,,,,,,,,,,,,,,,,,,,,,,,,,,,,,,,,,,,,,104,,,,0:00,48:00:00,,,,,,,,,,,,,,,0,0,0,0,0,0,0,0,0,0,0,0,0,0,0,0,0,0,,,,,0,0,0,0
0001944,2944,10000,5888,588800,S,,,,,,,202512,20251229,月,,,■,,特休,,,,,,,,,,,,,,,,,,,,,,,,,,,,,,,,,,,,,,,,,,,,,,,,,,,,,,,,,,,104,,,,,,,,,,,,,,,,,,,,0,0,0,0,0,0,0,0,0,0,0,0,0,0,0,0,0,0,,,,,0,0,0,0
0001944,2944,10000,5888,588800,S,,,,,,,202512,20251230,火,,,■,,,,,,,,,,,,,,,,,,,,,,,,,,,,,,,,,,,,,,,,,,,,,,,,,,,,,,,,,,,,,104,,,,,,,,,,,,,,,,,,,,0,0,0,0,0,0,0,0,0,0,0,0,0,0,0,0,0,0,,,,,0,0,0,0
0001944,2944,10000,5888,588800,S,,,,,,,202512,20251230,火,,,■,,,,徹主,,,8:09,9:00,8:30,33:00:00,15'20,09'10,,,,,,,,,15'20,02'50,,,,,,,,,,,,,,00'21,,,,,,,,,,,,,,,,,,,,徹主,,,,,104,,,,8:30,33:00:00,09'10,,,,,,,,,,,,,,0,0,0,1520,250,0,250,0,0,21,0,0,0,0,1520,910,0,0,,,,,809,900,830,3300
0001944,2944,10000,5888,588800,S,,,,,,,202512,20251231,水,平日,,■,,,非番,非番,,,,,,,,,,,,,,,,,,,,,,,,,,,,,,,,,,,,,,,,,,,,,,,,,,,,,,,,,104,,,,9:00,17:40,08'40,,,,,,,,,,,,,,0,0,0,0,0,0,0,0,0,0,0,0,0,0,0,0,0,0,,,,,0,0,0,0
0001944,2944,10000,5888,588800,S,,,,,,,202512,20251231,水,平日,,■,,,,,,,,,,,,,,,,,,,,,,,,,,,,,,,,,,,,,,,,,,,,,,,,,,,,,,,,,,,,,104,,,,,,,,,,,,,,,,,,,,0,0,0,0,0,0,0,0,0,0,0,0,0,0,0,0,0,0,,,,,0,0,0,0
